"voxel_id","lon","lat","PC1","PC2","PC3","bin_PC1","bin_PC2","bin_PC3"
"5_8_5",34.698665,44.802331,-2.74671171397283,2.48233628243397,0.384271565265363,5,8,5
"5_8_5",4.84025,44.99902,-2.8010336958179,2.28114310934808,0.420401003472576,5,8,5
"5_8_5",-3.7512255,41.2988352,-1.64627715317983,3.17066750017132,-0.0504978185157876,5,8,5
"5_8_5",4.8422,44.94172,-2.8010336958179,2.28114310934808,0.420401003472576,5,8,5
"5_8_5",33.51709,44.605115,-2.10679247195796,2.50222208657042,0.182191944910477,5,8,5
"3_7_6",6.1744,46.24685,-5.18226079945956,0.770502326292023,0.987551839034287,3,7,6
"3_7_6",34.162004,44.518837,-5.95250036913429,0.704030485499546,1.0759851664407,3,7,6
"3_7_6",34.150659,44.520579,-5.95250036913429,0.704030485499546,1.0759851664407,3,7,6
"3_7_6",6.11068,46.20113,-5.12047651813853,0.682099466010152,0.953524645869002,3,7,6
"3_7_6",34.158272,44.534456,-5.95250036913429,0.704030485499546,1.0759851664407,3,7,6
"2_5_5",6.46071,44.50982,-6.62026105963471,-0.829263899030004,0.415580939462101,2,5,5
"2_5_5",6.6893,46.52132,-7.43253445707955,-1.03559317242103,0.372138862168923,2,5,5
"2_5_5",8.95216,45.88392,-6.20600440014539,-1.43971091861941,-0.202837291236198,2,5,5
"7_3_7",8.63693,42.12248,1.0488961934553,-3.31598843230806,1.33859376959205,7,3,7
"7_3_7",8.743458,42.564858,1.03499317286427,-3.20605262105136,1.50098423618336,7,3,7
"7_3_7",9.0486,41.50485,0.325501254861479,-4.41733843935405,1.21965830121373,7,3,7
"7_3_7",8.72696,42.5623,1.03499317286427,-3.20605262105136,1.50098423618336,7,3,7
"7_3_7",8.97141,41.622056,0.882858279620592,-4.06792661254979,1.15700984799258,7,3,7
"2_6_7",6.11177,46.15616,-6.36990483982027,-0.229951975422112,1.64320781153791,2,6,7
"5_6_10",19.12997,42.060106,-1.55885062248415,-0.28488282026379,3.83296475692218,5,6,10
"7_8_6",4.54915,43.65301,0.458576213299341,2.12047089885716,0.681555424843307,7,8,6
"7_8_6",4.2256,43.72452,0.275329195252294,2.0252941575202,0.842367105496607,7,8,6
"7_8_6",-1.78,42.26,0.14020593512364,2.13117372870809,0.703756641772784,7,8,6
"7_8_6",-1.9,42.26,0.13894674436282,2.15401306968143,0.484910043693653,7,8,6
"7_8_6",4.17111,43.72729,0.275329195252294,2.0252941575202,0.842367105496607,7,8,6
"4_4_7",-3.181241,42.6788716,-3.15533238608243,-1.91081358636366,1.64207421206191,4,4,7
"4_4_7",13.733211,45.577824,-3.37450178281166,-2.18489508200502,1.23002866314666,4,4,7
"4_4_7",13.656872,45.534333,-3.49288018672723,-2.2806938448598,1.19385613719332,4,4,7
"4_4_7",6.53571,43.6966,-3.86732250815931,-2.77450205340919,1.52221683463548,4,4,7
"4_4_7",6.91961,43.86363,-3.27481880960431,-2.67370984448657,1.4775482184584,4,4,7
"7_5_7",5.82953,43.12014,1.06698166931262,-1.58790802143614,1.20967015772487,7,5,7
"7_5_7",5.738617,43.228306,0.339524287393961,-0.813070652791438,1.24628213857668,7,5,7
"7_5_7",5.76542,43.23415,0.151170019732306,-1.17231095719989,1.31524667765919,7,5,7
"7_5_7",9.49633,42.54206,1.39911199581562,-1.70401308268307,1.39826114669965,7,5,7
"7_5_7",9.48743,42.56921,1.39911199581562,-1.70401308268307,1.39826114669965,7,5,7
"4_7_6",34.141182,44.487516,-3.4195028963355,1.64256856125226,0.61419262084788,4,7,6
"4_7_6",5.1012,44.34147,-3.36840991119574,1.01222304810351,1.07378908988616,4,7,6
"4_7_6",5.869615,44.289602,-3.30453688733308,0.984087220474778,0.858084750521624,4,7,6
"4_7_6",5.869094,44.290012,-3.30453688733308,0.984087220474778,0.858084750521624,4,7,6
"4_7_6",6.07868,44.43106,-4.24778087535679,0.824013883081778,1.01062135162156,4,7,6
"7_7_6",4.11744,43.71441,0.199672887012974,1.90830567940082,0.861826197234983,7,7,6
"7_7_6",3.91819,43.6326,0.293786879553012,1.50201740240549,0.864416139057925,7,7,6
"7_7_6",3.72595,43.50192,0.382836913339762,1.44066495297949,0.774101746356027,7,7,6
"7_7_6",3.837591,43.629641,0.197894818142258,1.53113331876774,0.850803750873823,7,7,6
"7_7_6",4.01648,43.67039,0.00952470932991596,1.77612324689555,0.883375352300921,7,7,6
"6_8_6",4.1828,43.9232,-0.376585504998451,2.30996826115623,0.919316917963926,6,8,6
"6_8_6",4.75252,44.28806,-1.25525896457833,2.72618752908087,1.05067127720642,6,8,6
"6_8_6",4.42436,43.7548,-0.0674895403470868,2.28809042337435,0.825897915589119,6,8,6
"6_8_6",4.40507,43.87371,-0.363346678693166,2.20151615504137,0.903306591789511,6,8,6
"6_8_6",4.23262,43.8966,-0.443242816474872,2.04261236733956,0.917722839057116,6,8,6
"5_5_7",6.20264,43.71555,-3.00041633096926,-1.32796090819356,1.46622337055089,5,5,7
"5_5_7",6.243677,43.77703,-2.70551651365836,-0.790878089952483,1.42002913393593,5,5,7
"5_5_7",6.15899,43.61814,-1.67085840488642,-0.859040939579644,1.42110642055094,5,5,7
"5_5_7",6.16893,43.79796,-2.70551651365836,-0.790878089952483,1.42002913393593,5,5,7
"5_5_7",-2.799,42.628,-1.9517969258001,-0.959660100107627,1.24662244373521,5,5,7
"7_4_7",6.76573,43.41865,0.253721850898889,-2.46226497561944,1.63006281916127,7,4,7
"7_4_7",6.017848,43.14162,1.15164996592081,-2.47519948052059,1.28909995568544,7,4,7
"7_4_7",6.64244,43.42287,0.423166422962562,-2.01852689288071,1.53221717047849,7,4,7
"7_4_7",6.03807,43.18384,0.379500858249671,-2.37852686747092,1.31464042981983,7,4,7
"7_4_7",6.65188,43.4286,0.423166422962562,-2.01852689288071,1.53221717047849,7,4,7
"6_7_6",3.858077,43.716565,-0.150096617222247,1.66607537426209,0.874167768105806,6,7,6
"6_7_6",3.60454,43.77749,-0.922720487184415,1.47746290662794,0.808696565026628,6,7,6
"6_7_6",3.8069,43.75103,-0.719240300714211,1.5509125790795,0.842893552658418,6,7,6
"6_7_6",3.62507,43.98896,-1.54142389908023,1.3864326316976,0.800495798380696,6,7,6
"6_7_6",3.71434,43.61194,-0.168192489478209,1.44498361194744,0.831331256592439,6,7,6
"1_4_4",6.94541,47.01748,-8.54990975832411,-2.51663944023142,-0.421169067683897,1,4,4
"1_4_4",7.66765,46.74846,-8.32537133860924,-2.67697277322505,-0.90930738811989,1,4,4
"1_4_4",7.53598,46.29887,-8.6293457432642,-2.8384639417431,-0.733464661527798,1,4,4
"2_6_3",6.94583,46.97251,-6.74952615388158,-0.416157105395023,-1.44481860514974,2,6,3
"2_6_3",6.78531,47.47387,-6.25392263005293,-0.106729110727988,-1.29469970823655,2,6,3
"2_6_3",6.55605,46.70029,-6.62793405636062,-0.2200337892845,-0.991529412435095,2,6,3
"2_6_3",6.88569,46.43249,-6.40430239241604,-0.0389356820578518,-1.42507796957652,2,6,3
"4_7_3",4.73852,45.81126,-4.2808056393319,0.861025574630393,-1.13570636322451,4,7,3
"4_7_3",4.82985,45.65218,-3.72331522528629,1.46494445566912,-1.20857607235445,4,7,3
"4_7_3",5.12469,45.80465,-3.98978171148922,1.37523097292481,-1.04073877126386,4,7,3
"4_7_3",4.83283,45.74221,-3.81198083310534,1.35748756933867,-1.20268171826891,4,7,3
"4_7_3",4.73569,45.72123,-4.19877935549164,1.0030034614059,-1.1255281465254,4,7,3
"3_6_4",4.4526,44.73461,-4.70799563750237,0.116945911962221,-0.293309389431168,3,6,4
"3_6_4",4.4824,44.66668,-4.70799563750237,0.116945911962221,-0.293309389431168,3,6,4
"3_6_4",5.05288,47.33719,-4.83587482595143,-0.0183001357200009,-0.899463278003299,3,6,4
"3_6_4",5.503822,47.088028,-4.81135557166831,0.154630917691573,-0.428975548039609,3,6,4
"4_6_5",2.48413,48.90224,-3.29851638188527,-0.316795080934585,0.116105761858173,4,6,5
"4_6_5",2.44456,48.92347,-3.30075916107872,-0.350410674185374,0.122330761333604,4,6,5
"4_6_5",2.53561,48.92,-3.39233503970892,-0.364824123841323,0.112989138360194,4,6,5
"4_6_5",2.49348,48.94584,-3.30075916107872,-0.350410674185374,0.122330761333604,4,6,5
"4_6_5",2.54572,48.88172,-3.34242183473786,-0.244728293309297,-0.0214582163371714,4,6,5
"7_6_7",2.65177,42.74541,0.00608849637749243,-0.0798927187215404,1.28913512368706,7,6,7
"7_6_7",2.59016,42.82534,0.201322706315962,0.161914515376519,1.25872660312737,7,6,7
"7_6_7",2.62717,42.77271,0.201322706315962,0.161914515376519,1.25872660312737,7,6,7
"7_6_7",2.67139,42.7005,0.823996694841651,0.228578686797147,1.14151578699244,7,6,7
"7_6_7",2.6763,42.72931,0.823996694841651,0.228578686797147,1.14151578699244,7,6,7
"4_8_5",5.06308,45.01763,-3.31351021533211,1.93189057850574,-0.0698616546129326,4,8,5
"4_8_5",10.200014,45.525465,-3.9580940366488,2.72817702367766,-0.0979667110646326,4,8,5
"4_8_5",9.677488,45.583313,-3.73227774207,2.89865665148881,0.109606976548519,4,8,5
"5_6_7",-1.36,42.58,-1.58819603444834,0.637139046262719,1.56948334861832,5,6,7
"5_6_7",0.6961,47.3984,-2.41066945312691,0.0934715859006164,1.73406226446167,5,6,7
"5_6_7",2.56182,42.94536,-1.83334865573207,-0.55030957713368,1.53881793413833,5,6,7
"5_6_7",1.41075,47.28326,-2.67445438935837,-0.0636571232573709,1.6781789451224,5,6,7
"5_6_7",2.462438,43.078464,-1.89707093817202,-0.330690485943644,1.49216518653053,5,6,7
"2_5_3",7.01117,47.01775,-7.51590717161317,-1.41426650656435,-1.023661824046,2,5,3
"2_5_3",6.88012,46.9722,-7.0740462048747,-0.773726630003354,-1.17932365642244,2,5,3
"2_5_3",7.1427,47.01816,-6.89684510598058,-0.771784186625002,-1.38294435157885,2,5,3
"2_5_3",7.53736,47.06348,-7.23045936638238,-1.47078812906246,-1.26042631396944,2,5,3
"2_5_3",8.31177,46.11562,-7.2045258367609,-1.80463883333717,-1.12332262119937,2,5,3
"7_5_8",16.212325,43.059392,1.30958156659969,-0.721636786651104,1.8354163141512,7,5,8
"7_7_7",2.60716,43.22764,0.530084683906129,1.22024836187995,1.30870752866142,7,7,7
"7_7_7",3.04402,43.11332,1.35735123408381,1.27475374483957,1.13732815886906,7,7,7
"7_7_7",3.43861,43.31858,1.20199755738632,1.33150961967718,1.20720239628787,7,7,7
"7_7_7",2.9386,43.12425,1.16507718018101,1.22112306669319,1.16596759894643,7,7,7
"7_7_7",3.38483,43.52288,0.516485918168931,1.63564310376131,1.34412034893597,7,7,7
"3_6_7",34.079321,44.424019,-5.95620231359413,0.454148077843633,1.24337341200126,3,6,7
"3_6_7",5.10454,44.43145,-4.7794157967712,-0.227982874787905,1.25995173521345,3,6,7
"3_6_7",5.34012,44.80948,-5.36342689810825,-0.0687590956675501,1.36021740111101,3,6,7
"3_6_7",5.37267,44.83131,-5.36342689810825,-0.0687590956675501,1.36021740111101,3,6,7
"3_6_7",5.33638,44.71949,-4.86448088174871,0.310758806233969,1.25525893773582,3,6,7
"6_6_8",16.183588,43.509933,-0.925400569529501,0.474495017035608,1.96720314695625,6,6,8
"6_6_8",10.042458,44.082714,-0.344496769936728,-0.376682096787662,2.40335355821037,6,6,8
"6_7_7",3.30477,43.61332,-0.396701903860484,1.51155155405813,1.41755955399263,6,7,7
"6_7_7",3.30442,43.63876,-0.396701903860484,1.51155155405813,1.41755955399263,6,7,7
"6_7_7",2.16327,43.27477,-0.774618689523802,0.899571876488379,1.48607380154377,6,7,7
"6_7_7",3.07623,43.6632,-1.49054337614858,0.951011177899823,1.46883697650103,6,7,7
"6_7_7",2.38737,43.24252,-0.227934408625525,0.992072695319284,1.4837954325798,6,7,7
"9_5_8",28.219629,36.440738,4.53774047447781,-0.876084257116582,2.0399863539593,9,5,8
"9_5_8",16.539441,38.446018,3.28795591119438,-1.36002488564388,1.8674668509216,9,5,8
"9_5_8",28.216725,36.439101,4.53774047447781,-0.876084257116582,2.0399863539593,9,5,8
"9_5_8",28.219634,36.440736,4.53774047447781,-0.876084257116582,2.0399863539593,9,5,8
"6_6_7",2.7174,42.90412,-0.202505815837598,0.0822029837367129,1.30612566050611,6,6,7
"6_6_7",2.62862,43.00898,-0.370277199747061,0.46029424303764,1.39020193718168,6,6,7
"6_6_7",2.69445,42.85403,-0.202505815837598,0.0822029837367129,1.30612566050611,6,6,7
"6_6_7",2.52947,42.76206,-0.502229168412096,-0.0696702430258771,1.36980440713491,6,6,7
"6_6_7",2.63016,42.96118,-1.16832192637187,-0.202902508231629,1.47808348570951,6,6,7
"6_8_8",11.134418,43.865427,-1.23099063271675,2.47299353523915,2.01687633433536,6,8,8
"6_8_8",11.18018,43.692173,-0.855649711412026,2.86670530582785,2.07878501676184,6,8,8
"6_8_8",15.775256,43.764023,-0.0188416783804294,2.03954986254839,1.95677694799345,6,8,8
"6_8_8",15.271693,44.110008,-0.892727876455521,2.10993538984676,2.25183843647042,6,8,8
"6_8_8",10.965599,43.734725,-0.23208185827468,2.51917864094482,2.02267830802191,6,8,8
"2_6_4",6.62414,46.52087,-6.52989672611065,-0.137640180327416,-0.583409089110205,2,6,4
"4_8_4",10.785992,45.800709,-4.60901064634058,2.10487955001472,-0.519707823892004,4,8,4
"5_4_8",8.929464,44.425947,-2.60408841890936,-1.95520961396702,2.46897049842547,5,4,8
"5_4_8",-1.55762,47.17565,-2.27433544706335,-2.23184113188536,2.318473405201,5,4,8
"5_4_8",-1.63508,48.07422,-2.52902106955957,-2.23865778330699,1.81522475960388,5,4,8
"5_4_8",9.009612,44.392056,-2.91776445560806,-2.22041695086584,2.46344030328569,5,4,8
"5_4_8",8.919699,44.418125,-2.60408841890936,-1.95520961396702,2.46897049842547,5,4,8
"3_6_6",5.84219,47.23047,-5.11151098792882,-0.283180510670471,1.05756641854505,3,6,6
"3_6_6",5.77259,45.88069,-5.77873605147396,0.120828018627299,0.885483763342026,3,6,6
"3_6_6",5.77259,45.8807,-5.77873605147396,0.120828018627299,0.885483763342026,3,6,6
"3_6_6",5.43754,45.94763,-6.08715277919026,-0.238220982595654,0.841820046336254,3,6,6
"3_6_6",6.04706,46.15538,-5.66408403329488,0.281060617725042,1.04746903420008,3,6,6
"4_8_6",34.415478,44.690617,-3.73001877601507,2.14592926077849,0.614376974204159,4,8,6
"4_8_6",34.409942,44.680145,-3.73001877601507,2.14592926077849,0.614376974204159,4,8,6
"4_8_6",34.41562,44.69278,-3.73001877601507,2.14592926077849,0.614376974204159,4,8,6
"4_8_6",34.407936,44.682841,-3.73001877601507,2.14592926077849,0.614376974204159,4,8,6
"4_8_6",34.414925,44.689012,-3.73001877601507,2.14592926077849,0.614376974204159,4,8,6
"5_8_4",12.554664,44.06804,-1.84690949136589,2.1195398802182,-0.36432504538161,5,8,4
"5_8_4",11.6304,44.773283,-2.52970659387054,2.75076796400672,-0.496092022553441,5,8,4
"5_8_4",12.557159,44.067921,-1.84690949136589,2.1195398802182,-0.36432504538161,5,8,4
"8_5_6",2.901021,39.583174,2.93777630625346,-1.86035876297639,0.622603453476761,8,5,6
"8_5_6",2.8894,39.56514,2.93777630625346,-1.86035876297639,0.622603453476761,8,5,6
"8_5_6",2.90106,39.55614,2.93777630625346,-1.86035876297639,0.622603453476761,8,5,6
"8_5_6",2.84282,39.5741,2.93777630625346,-1.86035876297639,0.622603453476761,8,5,6
"8_5_6",10.898014,42.364435,1.9342598107565,-1.83773148010701,0.753088303210578,8,5,6
"4_7_7",8.84449,44.84851,-3.10278394259038,0.825988213620382,1.53336559424267,4,7,7
"4_7_7",5.21016,44.72208,-4.04518927903211,0.933351478428027,1.21963399031726,4,7,7
"4_7_7",8.844421,44.848511,-3.10278394259038,0.825988213620382,1.53336559424267,4,7,7
"4_7_7",5.76753,45.13748,-4.466785128954,1.14310513582588,1.15327662021684,4,7,7
"4_7_7",5.09397,44.99454,-3.77752304678001,1.37757844434165,1.20276168291436,4,7,7
"4_6_7",8.883069,44.689599,-3.53201147945373,-0.622588912735072,1.72521614261991,4,6,7
"4_6_7",6.06892,44.25116,-4.59386185127533,-0.0786539777483019,1.15502875986742,4,6,7
"4_6_7",6.23586,44.0907,-4.13958350828959,-0.420016590986487,1.33789876641559,4,6,7
"4_6_7",6.18395,44.06773,-3.39807081160537,-0.151360027841022,1.29244047012916,4,6,7
"6_5_8",10.130417,44.026516,-1.37778604037202,-0.776755044833114,2.22785757024434,6,5,8
"4_6_6",5.81862,44.25787,-4.10840236732563,0.211693368744103,1.00018517346102,4,6,6
"4_6_6",1.59741,47.797,-3.1595457111314,-0.32736653805689,0.793042385221845,4,6,6
"4_6_6",1.9964,47.8911,-3.19448068494757,-0.28404170253451,0.569774002691765,4,6,6
"4_6_6",2.14183,47.1721,-3.19118537162312,-0.161281442951204,0.854436359649574,4,6,6
"4_6_6",1.91671,47.89804,-3.19448068494757,-0.28404170253451,0.569774002691765,4,6,6
"3_5_4",9.28012,46.05898,-5.92575594490969,-0.882442815541869,-0.829134094244399,3,5,4
"6_7_8",15.981204,43.896961,-1.14280263681996,1.81413532209616,2.0756470142954,6,7,8
"6_4_7",6.90119,43.59401,-0.705077378542707,-2.63706468309762,1.61882833033741,6,4,7
"6_4_7",6.89508,43.50415,-0.31486580545348,-2.81023477002359,1.66821781698129,6,4,7
"6_4_7",6.46701,43.32358,-0.0253457372879808,-2.66231505826589,1.49644444154822,6,4,7
"6_4_7",5.97099,43.16841,-1.01439843789864,-2.69614146070457,1.36743291095077,6,4,7
"6_4_7",6.01631,43.26206,-0.680359913211626,-2.22194430977946,1.39377585645799,6,4,7
"8_4_6",2.924378,39.520118,2.78058583381953,-2.00926317423465,0.728095269440713,8,4,6
"8_4_6",2.91814,39.52451,2.78058583381953,-2.00926317423465,0.728095269440713,8,4,6
"8_4_6",2.954379,39.638838,3.01621595131166,-1.98945010125085,0.715612097066742,8,4,6
"8_4_6",2.924369,39.529128,2.78058583381953,-2.00926317423465,0.728095269440713,8,4,6
"8_4_6",2.947606,39.574194,2.78058583381953,-2.00926317423465,0.728095269440713,8,4,6
"5_7_6",5.1322,44.17315,-2.33348683189815,1.61540051892297,0.915923513473628,5,7,6
"5_7_6",4.53809,44.3958,-2.35481247231329,1.86369979817256,1.04094961244087,5,7,6
"5_7_6",5.17537,43.82232,-1.59960018701761,1.1253655076317,0.645912124677227,5,7,6
"5_7_6",3.686,44.02185,-2.20899961741539,0.999551055727195,0.814583529759933,5,7,6
"5_7_6",5.06412,44.1846,-2.10280484323115,1.8571248627824,0.929753352940982,5,7,6
"6_5_7",6.02574,43.44185,-0.468182558039445,-0.903512516823399,1.41300020184155,6,5,7
"6_5_7",5.92697,43.40884,-0.860439396622755,-1.33929016985466,1.42370735360488,6,5,7
"6_5_7",6.14911,43.43834,-0.04401193119384,-0.927897728511281,1.41712448674847,6,5,7
"6_5_7",5.88455,43.50698,-1.39732544264678,-0.690985928223282,1.3565073447765,6,5,7
"6_5_7",6.03048,43.53176,-0.868400655917467,-0.70583605020209,1.40980878528906,6,5,7
"5_5_9",-1.71,42.85,-2.88220364723808,-1.25171912568121,2.50673209634905,5,5,9
"5_5_9",-0.62682,45.13537,-1.73031102079448,-0.855573976177225,2.49659997127688,5,5,9
"5_5_9",14.403685,44.961478,-2.40121562373617,-1.05738635872146,2.96617777484871,5,5,9
"1_4_6",6.81494,46.92689,-8.63131044368934,-2.65352469935134,0.897090935056955,1,4,6
"5_2_7",8.97528,42.05146,-1.58869258278347,-4.78583788430071,1.5747030840581,5,2,7
"5_2_7",9.40102,42.3417,-2.23539786560754,-5.18856496318282,1.5457057944861,5,2,7
"5_9_6",11.43151,44.435117,-2.17530282714935,3.66159366915294,0.674067961738486,5,9,6
"2_5_8",5.528868,45.132918,-7.7046625523017,-1.85795397896097,2.13446144588439,2,5,8
"2_5_8",5.51897,45.97673,-7.02323967971056,-1.0242029814997,2.0187059574515,2,5,8
"2_5_8",6.10632,47.22369,-6.39785758400613,-1.11219446518772,2.04533100814148,2,5,8
"2_5_8",5.91571,46.14742,-6.82007463137327,-0.84087465497442,1.82966998352831,2,5,8
"8_6_6",2.99389,42.68248,1.88084404603432,0.550814579953189,0.90735234280961,8,6,6
"8_6_6",2.93908,42.67461,1.88084404603432,0.550814579953189,0.90735234280961,8,6,6
"8_6_6",11.144401,42.708703,1.58025290421583,0.469836857341681,1.10461842410965,8,6,6
"8_6_6",2.89897,42.69643,1.72902944322456,0.606301900982658,0.989261468203665,8,6,6
"8_6_6",2.8963,42.70408,1.72902944322456,0.606301900982658,0.989261468203665,8,6,6
"6_8_7",11.836957,43.431236,-1.31878608425693,2.57217596660123,1.67842052061949,6,8,7
"4_3_7",7.41636,43.84464,-3.17662221631827,-3.80202095355596,1.61814510024542,4,3,7
"4_3_7",6.78346,43.68826,-3.49103138942488,-3.26757099797742,1.60523444289181,4,3,7
"4_3_7",6.65959,43.6925,-4.50170203390844,-3.54518856032752,1.62112484888629,4,3,7
"4_3_7",7.36221,43.88444,-3.17662221631827,-3.80202095355596,1.61814510024542,4,3,7
"5_8_6",4.44797,44.55459,-2.31755756401268,2.13695354517814,1.01766571996205,5,8,6
"5_8_6",4.44337,44.37458,-2.25875280880711,1.94237380158467,1.00103056516689,5,8,6
"5_8_6",4.81978,44.369,-1.6622148367864,2.5796031946143,1.09292024481368,5,8,6
"5_8_6",4.22522,44.44474,-1.84711347898385,2.21564750396125,0.772085902085509,5,8,6
"5_8_6",4.16056,44.35541,-1.87922030624588,2.02069662382651,0.773391045696654,5,8,6
"5_7_7",12.656959,42.70586,-2.27030608977358,1.66243174774825,1.37881164783931,5,7,7
"5_7_7",0.33531,44.08362,-1.56316309045772,0.743872819409948,1.78988822054117,5,7,7
"5_7_7",8.872578,44.95152,-2.854452313824,1.51808279740441,1.46658769875154,5,7,7
"5_7_7",11.786162,43.011038,-1.59182788947522,1.08505197914672,1.49448074873631,5,7,7
"5_7_7",3.2524,43.8176,-1.8316679415867,0.953058958090957,1.45043867588966,5,7,7
"9_8_6",23.995243,37.890718,4.25247269704548,2.28077822577712,0.786430413973467,9,8,6
"1_4_5",6.95155,46.34284,-8.37597511721566,-2.23014494627496,0.379254190760529,1,4,5
"1_4_5",6.95115,46.38781,-8.37597511721566,-2.23014494627496,0.379254190760529,1,4,5
"2_5_9",14.604282,45.273337,-6.20702556124758,-1.83361924087313,2.73069128232437,2,5,9
"10_9_6",23.741573,37.885121,4.67314284842944,3.64298934209245,0.475723589261597,10,9,6
"10_9_6",23.743925,37.885008,4.67314284842944,3.64298934209245,0.475723589261597,10,9,6
"3_6_2",4.44003,45.47772,-5.14303363436461,0.124763085541846,-1.86666308538365,3,6,2
"3_6_2",3.93633,44.99973,-5.49978700144368,-0.460597790638413,-2.21769114192118,3,6,2
"3_6_2",2.93528,46.09477,-4.75380894000674,-0.597361028430736,-2.08858748624084,3,6,2
"3_6_2",3.19955,45.24522,-5.14386179235387,-0.592071850288566,-2.23290509640543,3,6,2
"3_6_2",4.08098,45.53747,-5.41087970310539,-0.311407150822762,-2.15047098732813,3,6,2
"7_6_8",10.329267,43.566625,0.687002604598107,-0.205762009506163,1.84357647967738,7,6,8
"4_7_1",3.17858,45.44543,-3.6757291627019,0.649701568268834,-2.57802224145912,4,7,1
"4_7_1",3.22494,45.71185,-3.43956212242749,0.80576426979085,-2.65140605838196,4,7,1
"4_7_1",3.09648,45.75706,-3.29067617400656,0.782231144563068,-2.65607412549021,4,7,1
"4_7_1",3.22512,45.75688,-3.20026493475566,0.945983434506713,-2.67705501066422,4,7,1
"4_7_1",3.31939,45.37395,-3.48660296824085,0.920770730568048,-2.63639643531696,4,7,1
"3_6_8",5.97426,47.22716,-5.428953788162,-0.532791815268607,1.80335983171746,3,6,8
"3_4_7",6.29306,43.79428,-4.65253996911441,-2.32216207823447,1.63369690985898,3,4,7
"3_4_7",6.49014,43.84487,-5.13975965455255,-2.50879725047334,1.67732356743846,3,4,7
"5_8_8",11.454032,43.811913,-1.7706968342468,2.58697315208082,1.94493005501264,5,8,8
"8_8_6",15.872669,41.570122,2.64013759498165,2.87214696346757,0.754514842403406,8,8,6
"4_7_4",5.30603,47.06225,-4.24941681088469,0.675888436049487,-0.528058141235361,4,7,4
"4_7_4",4.81072,45.06705,-3.80654445498471,1.43140923559213,-0.40795591560106,4,7,4
"4_7_4",4.3242,44.64618,-3.72279289118721,0.922558725346443,-0.380598712864503,4,7,4
"4_7_4",4.84321,45.08904,-3.56871770099214,1.72912965043971,-0.620103944384656,4,7,4
"4_7_4",5.25017,47.10918,-4.27853215934699,0.647180085709607,-0.545749768438663,4,7,4
"1_3_8",6.60392,44.87924,-9.30431692561157,-3.8051925532895,1.98377587250092,1,3,8
"5_6_9",14.649596,45.054317,-2.76282792910349,-0.481335466917436,3.14389741256754,5,6,9
"2_4_3",7.93517,47.37727,-7.48624749455091,-1.94346566902923,-1.16382431240755,2,4,3
"8_3_6",9.2492,41.56653,1.83483762412547,-4.29957162210119,0.92432910940756,8,3,6
"8_3_6",9.23131,41.50904,1.83483762412547,-4.29957162210119,0.92432910940756,8,3,6
"8_3_6",8.92299,41.49951,2.01011943468163,-3.91812202496232,0.955557543517428,8,3,6
"7_8_5",5.16515,43.55247,0.354351969129929,2.0514415892746,0.439250732699837,7,8,5
"7_8_5",5.03829,43.46493,0.677192388662412,1.99934921193908,0.426273149097999,7,8,5
"7_8_5",5.15931,43.57598,0.354351969129929,2.0514415892746,0.439250732699837,7,8,5
"7_8_5",-1.78,42.17,0.4396133277227,2.40503898595498,-0.0689210705794403,7,8,5
"4_4_6",1.28686,49.14258,-3.80394413223567,-1.94273377763115,0.674757524350184,4,4,6
"4_4_6",0.5852,49.49028,-3.65836169313634,-2.46968332859636,0.928818480870062,4,4,6
"4_4_6",3.52255,50.372418,-4.64148167903171,-2.06499695451668,1.00755794210108,4,4,6
"4_4_6",3.53827,50.397,-4.64148167903171,-2.06499695451668,1.00755794210108,4,4,6
"4_4_6",3.4917,50.41159,-4.58210645560196,-2.10199841999524,0.974891820068015,4,4,6
"6_6_6",2.45593,42.7865,-1.52748150086999,-0.572279663324453,0.693294249214437,6,6,6
"6_6_6",2.24913,43.00137,-1.03842837023137,0.428436245799953,0.819109227716159,6,6,6
"6_6_6",2.45595,42.78261,-1.52748150086999,-0.572279663324453,0.693294249214437,6,6,6
"6_6_6",2.24191,43.06634,-1.03842837023137,0.428436245799953,0.819109227716159,6,6,6
"6_6_6",5.54006,43.63437,-1.07346194374466,0.634818378670743,0.774366940228686,6,6,6
"3_6_3",4.5873,46.15123,-4.78658378913981,0.178589218751577,-1.42748959077325,3,6,3
"3_6_3",4.65207,46.15031,-4.78658378913981,0.178589218751577,-1.42748959077325,3,6,3
"3_6_3",6.93113,47.64928,-5.96526997328749,0.0127782366899189,-1.49204489269062,3,6,3
"3_6_3",4.50402,45.47688,-5.08544802692819,0.27082264940676,-1.42550405895384,3,6,3
"4_6_3",2.53314,48.76567,-3.44644332025451,-0.170865121771314,-1.4144551620167,4,6,3
"4_6_3",4.61505,45.99323,-4.62554719108793,0.44112077129055,-1.42172666192877,4,6,3
"4_6_3",2.63989,48.89077,-3.44357948682563,-0.182327875922442,-1.26556545573173,4,6,3
"4_6_3",2.65909,48.88453,-3.44357948682563,-0.182327875922442,-1.26556545573173,4,6,3
"4_6_3",2.38748,48.65704,-3.43262520739983,-0.535430201280056,-1.07490877096222,4,6,3
"4_5_7",6.22817,43.83817,-3.97436271589226,-1.38207301710259,1.53637419454002,4,5,7
"4_5_7",4.25313,47.74346,-4.56009520464946,-0.798322390833933,1.32518503532369,4,5,7
"4_5_7",6.17893,43.9778,-3.71952658684284,-0.79619254603397,1.46505764164066,4,5,7
"4_5_7",6.17392,43.88788,-3.97436271589226,-1.38207301710259,1.53637419454002,4,5,7
"4_5_7",6.80136,43.95792,-3.7175888281094,-1.65294940789561,1.53690214890082,4,5,7
"5_8_7",4.79237,44.68256,-2.27331694210379,2.52752209322422,1.18122552873305,5,8,7
"5_8_7",4.73464,44.66301,-2.44814310032971,2.18859794412929,1.21980013747274,5,8,7
"5_8_7",4.67292,44.70899,-2.54104108903101,2.24383936762127,1.1785772296185,5,8,7
"5_8_7",4.60596,44.57491,-2.41996966780988,2.15335160964582,1.13776770680368,5,8,7
"5_8_7",4.73603,44.70802,-2.54104108903101,2.24383936762127,1.1785772296185,5,8,7
"5_6_6",5.67647,43.90121,-2.56557835657262,0.174439637239627,0.766471645804374,5,6,6
"5_6_6",5.92984,43.98476,-2.40798096046172,0.386610387751928,0.790000590307099,5,6,6
"5_6_6",1.30417,47.50359,-2.96089584562043,-0.234290950158084,1.0545230286852,5,6,6
"5_6_6",1.41474,47.65811,-3.09292327991663,-0.342371739611265,0.842811376968586,5,6,6
"5_6_6",5.42384,43.81708,-2.52201285411873,0.0758602086977654,0.768805725047555,5,6,6
"1_2_8",6.70614,44.41172,-8.85494808098771,-4.70076504386122,2.16494136395301,1,2,8
"3_5_8",4.92962,49.69682,-5.94286006591396,-1.84523953950628,2.00627618497042,3,5,8
"3_5_8",4.73421,49.77157,-5.90590649361067,-1.77862841882659,1.93650089957585,3,5,8
"3_5_8",4.71704,49.77501,-5.90590649361067,-1.77862841882659,1.93650089957585,3,5,8
"6_3_7",8.89148,42.57263,-0.36536549218675,-3.81101231007485,1.62057830863337,6,3,7
"6_3_7",7.5405,43.83954,-1.48097405326806,-3.48776574936821,1.62404110650556,6,3,7
"6_3_7",9.31687,42.23634,-0.516437511237127,-4.25815634551225,1.383848996875,6,3,7
"4_7_5",4.45028,44.6446,-3.10843103424072,1.53918304297767,0.416234395283804,4,7,5
"4_7_5",4.4182,44.6225,-3.10843103424072,1.53918304297767,0.416234395283804,4,7,5
"4_7_5",4.80636,44.93203,-4.18502276525785,1.01999929443862,-0.0135011729152568,4,7,5
"4_7_5",5.12653,45.01643,-3.38277652726939,1.84842801943308,0.235882301724004,4,7,5
"4_7_5",4.76425,44.88288,-3.52138420206474,1.5790102027366,0.327805730606228,4,7,5
"5_7_5",4.1624,44.44542,-2.74322738791045,1.46629508215866,0.22459956663405,5,7,5
"5_7_5",4.2901,44.53403,-2.63388469804548,1.75832242540931,0.295480873445276,5,7,5
"5_7_5",4.35518,44.62329,-2.91374307302477,1.68481657745082,0.0574273798555149,5,7,5
"5_7_5",4.32209,44.55617,-2.63388469804548,1.75832242540931,0.295480873445276,5,7,5
"3_6_5",5.56939,47.05669,-4.69270920388321,0.263588049400691,-0.0335244018816558,3,6,5
"3_6_5",5.38987,45.97953,-4.93685013813821,0.605113783988211,0.0141104112350998,3,6,5
"3_6_5",4.51157,44.6983,-4.65623874536697,0.159808015437026,0.0134950503760985,3,6,5
"4_7_2",3.30592,46.30459,-3.44074938797821,0.8121443514953,-2.14768301792419,4,7,2
"4_7_2",3.42117,46.16154,-3.83625856530984,0.769756003644246,-2.20282213695308,4,7,2
"4_7_2",3.42083,46.11652,-3.83625856530984,0.769756003644246,-2.20282213695308,4,7,2
"4_7_2",3.45376,46.18393,-3.75253921144985,0.848668373159643,-2.17527500021238,4,7,2
"4_7_2",3.35755,46.34186,-3.54797615907444,0.67427334395927,-2.09086649442362,4,7,2
"5_3_7",-1.08754,46.12412,-1.83726530007794,-3.68996443044379,1.75996695038187,5,3,7
"5_3_7",-1.08631,46.12424,-1.83726530007794,-3.68996443044379,1.75996695038187,5,3,7
"5_3_7",7.29221,43.8496,-2.85408844279546,-3.43246270740169,1.5696035622743,5,3,7
"5_4_7",5.85716,43.2776,-2.03642708661514,-2.06029879213538,1.45951933903472,5,4,7
"5_4_7",-1.716462,48.108428,-2.70574129336707,-2.62073264159636,1.56264801740833,5,4,7
"5_4_7",-1.64297,48.16405,-2.75667002077269,-2.57271704034242,1.59446367709469,5,4,7
"5_4_7",7.16803,43.85442,-1.96196904969399,-2.88342724231463,1.52768721420085,5,4,7
"5_4_7",5.89331,43.26543,-2.03642708661514,-2.06029879213538,1.45951933903472,5,4,7
"3_5_3",3.44073,44.5632,-5.4776241389516,-1.03168329299085,-1.14550990869668,3,5,3
"3_5_3",5.33327,47.69212,-5.51442339694187,-0.905043673782056,-1.36547470976727,3,5,3
"3_5_3",5.38269,47.71827,-5.49063080670555,-0.848459630126513,-1.4366884062411,3,5,3
"3_5_3",3.48123,44.52924,-5.4776241389516,-1.03168329299085,-1.14550990869668,3,5,3
"3_5_3",4.37697,46.8069,-4.92910153522266,-1.03764074988677,-1.55117242573157,3,5,3
"4_6_1",3.16159,46.02713,-4.22726129069075,0.000707898999540588,-2.31370061503475,4,6,1
"4_6_1",3.32147,45.73413,-3.78636935065406,0.514716935537931,-2.54899219127052,4,6,1
"4_6_1",3.22367,45.39669,-4.05500228624167,0.257806633498611,-2.47096399282151,4,6,1
"4_6_1",3.57213,45.10281,-4.15749118597492,0.473055223003172,-2.52617761417558,4,6,1
"4_6_1",3.19383,46.00457,-3.84032113482331,0.512351154404767,-2.42313962530866,4,6,1
"3_7_5",5.38597,45.88952,-4.81084406568912,0.728685262288679,-0.0151849603762062,3,7,5
"3_7_5",5.49046,45.34671,-5.04714767564926,0.748135442735007,0.229660950062124,3,7,5
"3_6_1",3.82506,45.01118,-5.46064440564158,-0.522695776679946,-2.29262669123424,3,6,1
"3_6_1",3.95198,45.01016,-4.81291879745406,0.228851951938297,-2.42069265355942,3,6,1
"3_6_1",4.24806,45.48002,-4.70069593393799,0.465828347430709,-2.39546542678428,3,6,1
"3_6_1",3.85789,45.04677,-4.80439705351998,0.173765329674425,-2.45572138908534,3,6,1
"3_6_1",3.55215,45.07043,-4.79859006021749,-0.103118463174511,-2.38405799324844,3,6,1
"7_7_5",-0.5411161,38.6288148,1.21667730084592,1.11829110925795,-0.0223187035042193,7,7,5
"7_7_5",-0.57,38.64,1.21667730084592,1.11829110925795,-0.0223187035042193,7,7,5
"7_7_5",-0.48,38.6,1.40556155157875,0.9188784327476,0.305624031953623,7,7,5
"7_7_5",5.15839,43.37261,0.520322904684805,1.69803751632615,0.429893654922026,7,7,5
"7_7_5",-0.5711167,38.6288145,1.21667730084592,1.11829110925795,-0.0223187035042193,7,7,5
"4_6_2",3.63861,46.26465,-3.93739186898599,0.500924798329376,-2.11485668409786,4,6,2
"4_6_2",2.52111,45.35087,-4.20700380326511,-0.146038605397507,-1.66740947115424,4,6,2
"4_6_2",4.47426,46.74671,-4.65016683664996,-0.605680711844633,-1.67244099438069,4,6,2
"4_6_2",3.65823,47.05529,-4.11398161296258,-0.582356934775909,-1.7555255334756,4,6,2
"4_6_2",3.61758,46.34075,-3.92846615533034,0.360602392057755,-2.07170624930277,4,6,2
"3_7_3",6.68992,46.47635,-5.56616352145325,0.723592771788779,-1.56824257772325,3,7,3
"3_5_2",-0.64,40.26,-4.67920823411106,-1.36911600405048,-2.09224877361857,3,5,2
"3_5_2",3.06419,45.64452,-5.34630841774625,-1.01556983185429,-2.10208407418086,3,5,2
"3_5_2",3.0643,45.73457,-5.44222551939006,-1.1466792426862,-2.05809508553759,3,5,2
"3_5_2",3.07945,45.7311,-5.44222551939006,-1.1466792426862,-2.05809508553759,3,5,2
"3_5_2",3.61254,45.89052,-5.53539070581797,-0.827043982875973,-2.06247247624483,3,5,2
"1_4_7",6.59784,44.68567,-8.28305537950018,-2.69786117565563,1.25221823952706,1,4,7
"3_5_7",4.31721,47.36695,-4.91850203569945,-1.38261704981888,1.28862319835381,3,5,7
"3_5_7",5.42232,44.51499,-6.07017805486674,-1.0945632218516,1.4519330521683,3,5,7
"3_5_7",5.45474,44.53679,-6.07017805486674,-1.0945632218516,1.4519330521683,3,5,7
"3_5_7",4.25839,47.34852,-4.91850203569945,-1.38261704981888,1.28862319835381,3,5,7
"2_5_2",3.60758,45.44029,-6.52005313164014,-1.62771671447497,-1.9220309536668,2,5,2
"2_4_2",3.57583,45.46297,-6.81521960714973,-1.99011037146869,-1.77104605113392,2,4,2
"2_4_2",3.06378,45.28434,-6.81527609399372,-2.17851675564295,-1.6325250998826,2,4,2
"2_5_7",5.60545,45.07382,-6.47543015071713,-0.864863642004688,1.74127297675499,2,5,7
"2_5_7",5.44374,45.00992,-7.27804172794424,-1.57059294483651,1.78036587940181,2,5,7
"1_4_3",8.53098,47.37317,-7.81536329774658,-1.90506614974263,-1.00912716008677,1,4,3
"1_4_3",8.46478,47.37378,-7.89311779415979,-2.06470093960652,-0.975993081116832,1,4,3
"3_4_6",3.60582,50.46738,-4.69124118478507,-2.17422599998587,1.07034487217509,3,4,6
"3_3_7",6.66535,43.78239,-4.84711071539929,-3.19397103885955,1.66044445716611,3,3,7
"4_6_4",-0.6311855,42.4688939,-3.3627923379749,-0.419392720849714,-0.788898684566102,4,6,4
"4_6_4",2.38672,48.70927,-3.33281864979503,-0.566490566126802,-0.421401669412899,4,6,4
"4_6_4",4.72787,46.89132,-4.48335089090667,-0.241091885800575,-0.512421284914355,4,6,4
"4_6_4",2.36003,48.72459,-3.33281864979503,-0.566490566126802,-0.421401669412899,4,6,4
"4_6_4",2.37367,48.69186,-3.33281864979503,-0.566490566126802,-0.421401669412899,4,6,4
"3_2_8",7.30576,44.02932,-6.02307449331679,-4.74357648527954,1.85787991523218,3,2,8
"4_5_6",1.71222,48.9748,-3.61268449557209,-1.32317746305321,0.605286765563112,4,5,6
"4_5_6",1.00594,49.31811,-3.48046755706677,-1.80628876322238,0.791953259186399,4,5,6
"4_5_6",1.14341,49.3203,-3.53515555925411,-1.74490731776124,0.789135999058552,4,5,6
"4_5_6",1.4847,49.08771,-3.68635513923919,-1.68309329385244,0.659451980735849,4,5,6
"4_5_6",1.87429,48.67011,-3.95602718948194,-1.34335234332202,0.665134111246302,4,5,6
"3_7_1",8.03121,48.8539,-4.89398920183013,0.801816009203432,-2.38326624686228,3,7,1
"3_4_5",3.56128,44.02256,-5.5274663010637,-2.11971500127191,0.179901850293603,3,4,5
"1_4_8",5.47446,44.98672,-7.78182644041577,-2.32104417289396,1.85417068739579,1,4,8
"1_4_8",5.43591,44.82994,-8.03638055532964,-3.04074826962202,2.05463397800363,1,4,8
"1_4_8",5.46653,44.80674,-8.03638055532964,-3.04074826962202,2.05463397800363,1,4,8
"5_5_8",-0.84953,47.34886,-2.02186990069756,-1.07477981370065,1.93392189816716,5,5,8
"5_5_8",-0.82596,47.37255,-1.93160703593284,-0.89029516074174,1.88876669528863,5,5,8
"5_5_8",-0.641822,45.74228,-1.83495585101886,-1.42813184754882,2.3476226248579,5,5,8
"5_5_8",-0.75376,47.02425,-2.57677459229437,-1.45607918827111,2.00310592897559,5,5,8
"5_5_8",-0.5658,45.36447,-1.91580783113042,-0.996016451979249,2.46441494346708,5,5,8
"2_2_4",2.15,42.26,-6.21677758043789,-4.68194426019689,-0.357726617822395,2,2,4
"2_2_4",2.0888743,42.3089182,-6.21677758043789,-4.68194426019689,-0.357726617822395,2,2,4
"2_2_4",1.7188648,42.3989165,-6.59799414671265,-4.46929059610593,-0.456924633259911,2,2,4
"2_2_4",1.3,42.34,-7.32626974978662,-4.60526525545619,-0.304661795938958,2,2,4
"2_2_4",2.2866,42.62522,-6.48441338345374,-4.63669791648602,-0.261261144338124,2,2,4
"5_2_8",-2.23383,47.32747,-2.49630862566283,-4.57446647581317,2.37967731642153,5,2,8
"5_2_8",-2.183672,47.299442,-2.49630862566283,-4.57446647581317,2.37967731642153,5,2,8
"6_3_5",2.49202,41.686513,-0.584401950470835,-3.27929152945217,-0.0547414681051968,6,3,5
"5_6_4",2.20559,42.85152,-2.05943663195776,-0.43186160028026,-0.574304807740559,5,6,4
"5_6_4",2.18152,42.87373,-2.05943663195776,-0.43186160028026,-0.574304807740559,5,6,4
"5_6_4",1.876295,43.093996,-1.80686724430992,0.323062712578594,-0.620149480156456,5,6,4
"5_6_4",2.20828,42.83348,-2.05943663195776,-0.43186160028026,-0.574304807740559,5,6,4
"5_6_4",2.24503,42.87054,-2.05943663195776,-0.43186160028026,-0.574304807740559,5,6,4
"5_6_8",0.03071,47.13719,-2.27163102993968,-0.178252170553163,1.82865688658117,5,6,8
"5_6_8",-0.23835,47.22008,-2.2241615222577,-0.38402404374891,1.83583517831788,5,6,8
"5_6_8",0.689,46.40908,-2.52678371201408,0.0560825224892835,2.10949803151229,5,6,8
"5_6_8",0.21566,47.25092,-2.23115668427992,-0.0173189509400394,1.80322780174202,5,6,8
"5_6_8",0.9658,45.05123,-2.40603259824449,0.523665086833346,2.32144843075539,5,6,8
"8_4_5",1.916837,41.328566,1.55871174418887,-3.14268151518892,0.397045049853363,8,4,5
"8_4_5",2.034052,41.343593,1.89298062364918,-3.08474741181328,-0.0783639825526942,8,4,5
"8_4_5",3.215295,41.961454,2.05781845249178,-3.15188196014184,0.0729372917779252,8,4,5
"8_4_5",2.034138,41.341352,1.89298062364918,-3.08474741181328,-0.0783639825526942,8,4,5
"8_4_5",3.289192,42.311241,1.72907418438424,-2.09035006496794,0.1457084326343,8,4,5
"9_4_5",1.459349,38.920901,4.32684925722838,-2.34952645808216,0.0604176120265251,9,4,5
"10_5_4",-0.47,39.29,5.00893776843415,-0.746869103166947,-0.642220323423555,10,5,4
"10_5_4",-0.34,39.48,4.91309363117164,-1.67143885256559,-0.649510216565051,10,5,4
"10_5_4",-0.37,39.51,4.77168530684523,-1.77751822566219,-0.6495545614407,10,5,4
"10_5_4",-0.33,39.57,4.87731420290626,-1.85551072198369,-0.634928356355228,10,5,4
"10_5_4",-0.47,39.49,4.83689582047265,-1.38728060850259,-0.643866732084252,10,5,4
"10_6_5",0.04,38.79,4.87117045749174,0.461631623534662,0.355075060911481,10,6,5
"10_6_5",-0.13,38.84,4.96933009219317,0.372489720828049,0.211735464314073,10,6,5
"10_6_5",0.09,38.83,4.99097887204561,0.421745926684304,0.394698701031556,10,6,5
"10_6_5",0.0688937,38.7688236,4.87117045749174,0.461631623534662,0.355075060911481,10,6,5
"10_6_5",0.15,38.82,4.99097887204561,0.421745926684304,0.394698701031556,10,6,5
"7_4_4",2.143925,41.477337,1.2443937912437,-3.13051197977827,-0.487645576569659,7,4,4
"7_4_4",2.148198,41.418764,1.2443937912437,-3.13051197977827,-0.487645576569659,7,4,4
"7_4_4",2.134405,41.446904,1.2443937912437,-3.13051197977827,-0.487645576569659,7,4,4
"7_4_4",2.16,41.45,1.2443937912437,-3.13051197977827,-0.487645576569659,7,4,4
"7_4_4",2.158481,41.44556,1.2443937912437,-3.13051197977827,-0.487645576569659,7,4,4
"4_5_5",2.13741,48.86349,-3.5183609572252,-0.973300082692029,0.125462849685623,4,5,5
"4_5_5",2.17223,48.66584,-3.53938869488481,-0.984598146607683,0.0743254291003021,4,5,5
"4_5_5",2.10505,48.89373,-3.5183609572252,-0.973300082692029,0.125462849685623,4,5,5
"4_5_5",2.11368,48.88173,-3.5183609572252,-0.973300082692029,0.125462849685623,4,5,5
"4_5_5",2.25132,48.79274,-3.36413386294622,-0.649453469148973,0.144492439012853,4,5,5
"7_4_3",1.894875,41.554809,0.701170432984984,-2.68665391929844,-1.05652288222819,7,4,3
"7_4_3",1.8588824,41.5888996,0.165012645949624,-2.55181807634357,-1.42483458433395,7,4,3
"7_4_3",2.073723,41.563117,0.589686974876873,-2.89531787183269,-0.994901436837383,7,4,3
"7_4_3",1.891337,41.54517,0.701170432984984,-2.68665391929844,-1.05652288222819,7,4,3
"7_4_3",2.27,41.63,0.374015566243476,-3.04715800044066,-1.04999301754984,7,4,3
"9_5_4",-0.33,39.72,4.23325048624595,-1.7376033349083,-0.613540923767953,9,5,4
"9_5_4",-0.48,39.51,4.58028488601936,-1.46357278767727,-0.63380881382703,9,5,4
"9_5_4",-0.49,39.58,4.58028488601936,-1.46357278767727,-0.63380881382703,9,5,4
"9_5_4",-0.5,39.52,4.58028488601936,-1.46357278767727,-0.63380881382703,9,5,4
"9_5_4",-0.4,39.62,4.13464987702912,-1.58803704784384,-0.609750917773466,9,5,4
"8_3_5",3.202641,41.905647,2.04997681586489,-3.23999027805439,0.105692018061568,8,3,5
"8_3_5",1.2688782,41.1288837,2.24382195092816,-3.3244561662554,-0.0293669102066035,8,3,5
"8_3_5",1.259112,41.121278,2.24382195092816,-3.3244561662554,-0.0293669102066035,8,3,5
"8_8_4",-1.09,39.33,2.35243638679572,2.01035496171013,-0.647196072938593,8,8,4
"8_8_4",-0.8711236,38.6888127,2.67991452596732,2.15120189017956,-0.611516262721217,8,8,4
"8_8_4",-0.95,38.44,2.95602205658198,2.69093331169981,-0.670910819782682,8,8,4
"8_8_4",-0.93,38.67,2.93076739356238,2.41801190970148,-0.669253261872155,8,8,4
"8_8_4",-0.77,38.63,2.57659934292334,2.01031150050395,-0.583442751793124,8,8,4
"7_4_5",3.194954,42.295946,1.308133819842,-2.22502302942193,0.242572263329004,7,4,5
"7_4_5",1.8,41.36,0.994465767817023,-2.87389930704246,0.277741050837209,7,4,5
"7_4_5",3.1788974,42.3189293,1.308133819842,-2.22502302942193,0.242572263329004,7,4,5
"7_4_5",3.249809,42.247432,1.4721564072183,-2.33894455876955,0.198805334169364,7,4,5
"7_4_5",2.416297,41.549222,0.852053238803568,-3.10141824207281,0.340272783703283,7,4,5
"7_4_6",2.6988983,41.6889102,0.939307917583324,-2.81720609130666,0.716687934317543,7,4,6
"7_4_6",2.736257,41.654067,1.25994063580653,-2.87424119900284,0.629121712534619,7,4,6
"7_4_6",2.829625,41.983978,0.403505152511492,-2.4979452100953,0.806214941631812,7,4,6
"7_4_6",2.63,41.73,0.327926844788875,-3.02129631918707,0.85012016513515,7,4,6
"8_6_4",-0.79,39.56,2.46139674272475,0.390081622534454,-0.62389442286904,8,6,4
"8_6_4",-0.71,39.74,2.77888933579291,-0.102988498932367,-0.662903907088065,8,6,4
"8_6_4",-0.7,39.73,2.77888933579291,-0.102988498932367,-0.662903907088065,8,6,4
"8_6_4",-0.76,39.53,2.46139674272475,0.390081622534454,-0.62389442286904,8,6,4
"8_6_4",-0.52,39.86,1.84703872462468,-0.549966511787792,-0.575693423621379,8,6,4
"8_9_3",-1.790149,37.951304,1.82670394481203,3.66548430977569,-1.06164554161999,8,9,3
"8_9_3",-1.86,37.85,2.64374821028454,3.60141674426156,-1.11799558534867,8,9,3
"8_9_3",-0.0711522,41.2888735,1.81024680761552,3.26298406674751,-1.47114059851817,8,9,3
"8_9_3",-1.9811393,38.3287947,1.89358464201774,4.29214718851451,-1.06969794366149,8,9,3
"10_6_4",-0.2811191,39.128827,4.91078347182804,-0.316481418913749,-0.371136251115178,10,6,4
"10_6_4",-0.58,39.04,5.09910156471842,0.465655101709835,-0.698219232294274,10,6,4
"10_6_4",-0.43,38.92,4.74146991105511,0.559098123182488,-0.615357839213055,10,6,4
"10_6_4",-0.36,39.12,4.81390869726873,-0.193683361591543,-0.576560539893044,10,6,4
"10_6_4",-0.38,39.12,4.81390869726873,-0.193683361591543,-0.576560539893044,10,6,4
"6_5_6",2.82253,42.49271,-0.950708361637143,-1.80133608764421,0.689536485604198,6,5,6
"6_5_6",2.56632,42.73519,-1.2171758652515,-0.641304032707561,0.939818738457873,6,5,6
"6_5_6",2.75261,42.47429,-0.950708361637143,-1.80133608764421,0.689536485604198,6,5,6
"6_5_6",2.58832,42.64296,-0.873513635515924,-0.821516606947599,1.016499942882,6,5,6
"6_5_6",2.56325,42.73742,-1.2171758652515,-0.641304032707561,0.939818738457873,6,5,6
"5_7_2",0.376419,42.028968,-3.02943850648126,0.780016586994534,-2.16955577054254,5,7,2
"6_4_4",2.747533,42.170582,-0.731727331919681,-2.07502887186551,-0.437473834066127,6,4,4
"6_4_4",1.68,41.54,-0.180219886636119,-2.64603027251024,-0.847057279437308,6,4,4
"8_7_6",3.00959,42.89921,1.72890458636297,0.878885242355568,1.02014647502024,8,7,6
"8_7_6",2.94494,42.82605,1.83898972396755,0.806682016539779,0.986091406919326,8,7,6
"8_7_6",2.86666,42.79601,1.62301000140758,0.759582040558485,1.02435341431916,8,7,6
"8_7_6",2.83812,42.7823,1.62301000140758,0.759582040558485,1.02435341431916,8,7,6
"8_7_6",2.85945,42.76335,1.62301000140758,0.759582040558485,1.02435341431916,8,7,6
"9_5_5",2.621357,39.618641,3.35073607162703,-1.49103189773478,-0.123962149402097,9,5,5
"9_5_5",0.4,40.4,3.46968197957137,-0.885342066502531,-0.17335323536616,9,5,5
"9_5_5",0.44,40.44,4.09724544386308,-0.64477053969384,-0.220057232628471,9,5,5
"9_5_5",0.35,40.4,3.46968197957137,-0.885342066502531,-0.17335323536616,9,5,5
"9_5_5",0.3488721,40.3988589,3.46968197957137,-0.885342066502531,-0.17335323536616,9,5,5
"8_7_4",-0.78,38.84,2.83946492209443,1.6813475820579,-0.602749819425029,8,7,4
"8_7_4",-0.77,38.86,2.83946492209443,1.6813475820579,-0.602749819425029,8,7,4
"8_7_4",-0.64,38.78,2.79465047400957,1.35131065727213,-0.546184267605753,8,7,4
"8_7_4",-1.05,39.41,1.70942885952138,1.62163617402571,-0.578201695770002,8,7,4
"8_7_4",-0.4911177,38.7888184,2.72901468383653,0.919022008703799,-0.440787925421998,8,7,4
"6_6_1",-0.72,39.95,-1.29750811731038,-0.339583568715542,-2.28557413079053,6,6,1
"6_6_1",-0.7,40.03,-1.53152464517259,-0.349951326068434,-2.67706104752301,6,6,1
"6_6_1",-0.67,40.04,-1.53152464517259,-0.349951326068434,-2.67706104752301,6,6,1
"6_6_1",-0.71,39.92,-1.29750811731038,-0.339583568715542,-2.28557413079053,6,6,1
"6_6_1",-0.67,40.02,-1.53152464517259,-0.349951326068434,-2.67706104752301,6,6,1
"7_10_5",-5.3712601,41.4888216,0.265654988033076,4.96597994055036,0.28265920452282,7,10,5
"7_10_5",-5.72,41.49943,0.137094395915,4.84243233819012,0.256599246195641,7,10,5
"7_10_5",-5.3412593,41.4788218,0.265654988033076,4.96597994055036,0.28265920452282,7,10,5
"3_3_4",2.25035,42.53523,-5.49853702594969,-4.04459616726252,-0.491350001645168,3,3,4
"3_3_4",2.29815,42.56387,-5.49853702594969,-4.04459616726252,-0.491350001645168,3,3,4
"3_3_4",2.31391,42.57643,-5.49853702594969,-4.04459616726252,-0.491350001645168,3,3,4
"3_3_4",2.28743,42.55275,-5.49853702594969,-4.04459616726252,-0.491350001645168,3,3,4
"3_3_4",2.2875,42.54633,-5.49853702594969,-4.04459616726252,-0.491350001645168,3,3,4
"7_8_2",-1.67,42.08,0.258650640150422,2.89673554553123,-1.70397960773897,7,8,2
"7_8_2",-1.31,39.51,0.795055800151372,2.78314377419746,-1.71247261869666,7,8,2
"7_8_2",-1.31,39.6,0.427781062244807,2.69890730596355,-1.77347828813303,7,8,2
"7_8_2",-1.4911914,41.8588712,0.696722551459023,3.01557437797848,-1.87634588755576,7,8,2
"7_8_2",-1.61,42.04,0.576245967833497,2.83032441918614,-1.70246275545244,7,8,2
"8_6_5",3.03089,42.65997,1.93484716323432,0.0148728050831385,0.291906508696654,8,6,5
"8_6_5",3.10651,42.51066,1.71522911550217,-0.554840977681271,0.309332161659587,8,6,5
"8_6_5",0.5688687,40.8488706,3.0428816127378,0.504343852432846,-0.0211148803896248,8,6,5
"8_6_5",3.13713,42.5157,1.71522911550217,-0.554840977681271,0.309332161659587,8,6,5
"8_6_5",-0.31,38.8,2.39860208250702,0.49906965981524,0.304461558388244,8,6,5
"6_9_6",-3.363675,36.957025,-1.25566233949644,3.72825229856295,0.860383373596742,6,9,6
"6_9_6",-3.329292,36.935405,-0.993190121812276,3.81539294656724,0.619901904905209,6,9,6
"6_9_6",-3.5312134,40.8788287,-0.877701659997832,3.70531544115589,0.457385194010662,6,9,6
"6_9_6",-6.0612744,41.5588156,-0.493730434643612,4.29025657562925,0.691192771899122,6,9,6
"6_9_6",-3.357124,36.947903,-1.25566233949644,3.72825229856295,0.860383373596742,6,9,6
"9_6_4",-0.72,39.43,3.42658792598757,0.0534541761129496,-0.657559697285431,9,6,4
"9_6_4",-0.66,39.52,4.23137834015472,-0.583225580513577,-0.666946658985821,9,6,4
"9_6_4",-0.61,39.53,4.23137834015472,-0.583225580513577,-0.666946658985821,9,6,4
"9_6_4",-0.6,39.44,4.16386332224242,-0.41550593874784,-0.653001903939556,9,6,4
"9_6_4",-0.71,39.34,3.6632124118,0.195928052189558,-0.663563921826593,9,6,4
"8_5_5",0.32,40.3,3.0220717205655,-1.0955594595098,-0.225070475712488,8,5,5
"8_5_5",0.18,40.44,2.18033884556452,-0.688267869693146,-0.172061997213264,8,5,5
"8_5_5",3.1388967,42.3089287,1.69122763028459,-1.86594198024791,0.181486413391953,8,5,5
"8_5_5",3.0588957,42.2689269,1.79604465902248,-1.64862691832907,0.180670217308304,8,5,5
"8_5_5",3.0588964,42.228926,1.85689998134938,-1.88452037859096,0.18908217295646,8,5,5
"7_8_3",-0.162446,41.01828,0.97679527777835,2.03908396648529,-1.27856386431589,7,8,3
"7_8_3",-0.0911477,41.0188675,0.97679527777835,2.03908396648529,-1.27856386431589,7,8,3
"7_8_3",-1.2,39.51,1.07069539433319,2.06395956302794,-1.17811345697024,7,8,3
"9_7_4",-0.51,38.99,4.56413022812333,0.742048759606474,-0.673785572374866,9,7,4
"9_7_4",-0.63,39.03,4.59628618167959,0.702182399141244,-0.708459117628557,9,7,4
"9_7_4",-0.56,38.95,4.56413022812333,0.742048759606474,-0.673785572374866,9,7,4
"9_7_4",-0.64,38.87,3.37654868678872,1.20836663553271,-0.606019171232848,9,7,4
"9_7_4",-0.64,39.02,4.59628618167959,0.702182399141244,-0.708459117628557,9,7,4
"4_4_5",2.28971,49.9004,-4.00112684013157,-2.18032662755014,0.242176197158227,4,4,5
"4_4_5",3.15312,50.63246,-4.60471707769643,-2.70049728793357,0.425540819359561,4,4,5
"4_4_5",3.084375,50.632482,-4.60471707769643,-2.70049728793357,0.425540819359561,4,4,5
"4_4_5",3.02009,50.60885,-4.54516236267455,-2.80186116800825,0.407617188576504,4,4,5
"4_4_5",3.095205,50.375248,-4.36563935837714,-2.15518196392278,0.330162987455613,4,4,5
"6_5_2",-0.6,40.02,-1.22267789185224,-0.640064840582774,-1.80669769560302,6,5,2
"6_5_2",-0.61,40.06,-1.22267789185224,-0.640064840582774,-1.80669769560302,6,5,2
"6_5_2",-0.65,40.02,-1.22267789185224,-0.640064840582774,-1.80669769560302,6,5,2
"6_5_2",-0.6,40.04,-1.22267789185224,-0.640064840582774,-1.80669769560302,6,5,2
"6_5_2",-0.61,40.05,-1.22267789185224,-0.640064840582774,-1.80669769560302,6,5,2
"5_5_5",2.45001,42.85305,-2.62674479362471,-0.96649188536896,0.265744990846797,5,5,5
"5_5_5",2.54166,42.62734,-1.83455254324101,-1.33866313756106,0.0434741497322634,5,5,5
"5_5_5",2.5059,42.65185,-1.83455254324101,-1.33866313756106,0.0434741497322634,5,5,5
"5_5_5",2.51327,42.6514,-1.83455254324101,-1.33866313756106,0.0434741497322634,5,5,5
"5_5_5",2.5424,42.6653,-1.83455254324101,-1.33866313756106,0.0434741497322634,5,5,5
"6_8_1",-1.26,40.02,-1.15952430401863,1.92276312126858,-2.89206245633946,6,8,1
"6_8_1",-1.6311842,41.318858,-0.906280234940146,2.68018696971864,-2.92444844748331,6,8,1
"6_8_1",0.22,42.05,-0.822135245551117,2.63330121018925,-2.75220384308306,6,8,1
"6_8_1",0.1588394,42.0088917,-0.862227959801207,2.45221467107399,-2.76259868864106,6,8,1
"6_8_1",-1.27,40.01,-1.15952430401863,1.92276312126858,-2.89206245633946,6,8,1
"7_5_4",-0.49,39.96,0.757777990372023,-0.64029067369948,-0.437293856945585,7,5,4
"7_5_4",-0.12,40.31,0.711718841704004,-0.919727091955634,-0.31001821857353,7,5,4
"7_5_4",-0.42,39.99,0.757777990372023,-0.64029067369948,-0.437293856945585,7,5,4
"7_5_4",-0.47,39.96,0.757777990372023,-0.64029067369948,-0.437293856945585,7,5,4
"7_5_4",-0.4,39.96,1.43068055337749,-0.853706144276398,-0.46161491303401,7,5,4
"4_4_3",2.38675,42.59855,-3.61810305503707,-2.12456074467572,-1.01570036961726,4,4,3
"4_4_3",2.37498,42.59052,-3.61810305503707,-2.12456074467572,-1.01570036961726,4,4,3
"4_4_3",2.36502,42.59008,-3.61810305503707,-2.12456074467572,-1.01570036961726,4,4,3
"4_4_3",2.39644,42.6165,-3.61810305503707,-2.12456074467572,-1.01570036961726,4,4,3
"4_4_3",2.38452,42.58866,-3.61810305503707,-2.12456074467572,-1.01570036961726,4,4,3
"8_4_4",2.173527,41.450413,1.62235038496012,-3.15661573425569,-0.273675122041762,8,4,4
"6_3_4",2.3388907,41.6889067,-1.52382154610556,-3.61462054256422,-0.708798799398341,6,3,4
"6_3_4",2.5788942,41.7789111,-1.17617251581569,-3.44126329270105,-0.282886579272482,6,3,4
"6_3_4",2.333636,41.676901,-1.52382154610556,-3.61462054256422,-0.708798799398341,6,3,4
"5_5_1",-0.53,40.17,-2.69115113496571,-0.946506796312551,-2.36010854178124,5,5,1
"5_5_1",-0.3311448,40.5788558,-2.72796596628691,-1.33046691683047,-2.39045791777082,5,5,1
"5_5_1",-0.54,40.19,-2.69115113496571,-0.946506796312551,-2.36010854178124,5,5,1
"8_5_4",-0.44,39.83,2.49021392628653,-0.86900065323376,-0.541759547500545,8,5,4
"8_5_4",-0.46,39.83,2.49021392628653,-0.86900065323376,-0.541759547500545,8,5,4
"8_5_4",-0.35,39.87,1.59688995675928,-0.935118161601074,-0.45568316453479,8,5,4
"8_5_4",-0.48,39.88,2.16446567653689,-0.815264775826209,-0.536587151471215,8,5,4
"8_5_4",-0.51,39.67,2.72231860009954,-0.659871735245743,-0.56850140676415,8,5,4
"7_6_5",0.38,40.89,0.329205921092946,-0.0509849756516143,0.0404826412085344,7,6,5
"7_6_5",3.07914,42.52209,1.39338450137923,-0.545047914932711,0.39016870914524,7,6,5
"7_6_5",3.05228,42.53817,1.39338450137923,-0.545047914932711,0.39016870914524,7,6,5
"7_6_5",3.0426,42.50861,1.39338450137923,-0.545047914932711,0.39016870914524,7,6,5
"7_6_5",3.058,42.5347,1.39338450137923,-0.545047914932711,0.39016870914524,7,6,5
"9_4_4",-0.06,39.91,4.46463159640279,-1.94426793703179,-0.608116689603314,9,4,4
"9_4_4",-0.08,39.91,4.46463159640279,-1.94426793703179,-0.608116689603314,9,4,4
"9_4_4",-0.07,39.9,4.46463159640279,-1.94426793703179,-0.608116689603314,9,4,4
"9_4_4",-0.05,39.9,4.46463159640279,-1.94426793703179,-0.608116689603314,9,4,4
"9_4_4",-0.08,39.9,4.46463159640279,-1.94426793703179,-0.608116689603314,9,4,4
"7_6_6",2.81066,42.72888,1.35011941257526,0.471162427324192,1.05784932281297,7,6,6
"7_6_6",2.8107,42.71668,1.35011941257526,0.471162427324192,1.05784932281297,7,6,6
"7_6_6",2.77477,42.52011,0.884034425986453,-0.214872496692708,0.562344180292835,7,6,6
"7_6_6",2.82286,42.73587,1.35011941257526,0.471162427324192,1.05784932281297,7,6,6
"7_6_6",2.90715,42.56266,1.1029955598738,-0.232488719543302,0.502352125531708,7,6,6
"7_5_5",3.17099,42.43544,1.47098241451079,-1.50182204919277,0.230808649077441,7,5,5
"7_5_5",3.13993,42.46319,1.17227872304558,-1.54768274309139,0.30999908238121,7,5,5
"7_5_5",3.13987,42.45795,1.17227872304558,-1.54768274309139,0.30999908238121,7,5,5
"7_5_5",3.13817,42.45329,1.17227872304558,-1.54768274309139,0.30999908238121,7,5,5
"7_5_5",0.01,40.5,0.40502922132612,-0.799806560666795,-0.192871513773966,7,5,5
"5_7_3",1.27061,43.36034,-1.66756397990587,0.758156555871291,-1.38130989056955,5,7,3
"5_7_3",1.8253,44.85875,-2.45711245089341,0.995827439753883,-1.23485819286694,5,7,3
"5_7_3",1.1667,43.42324,-1.72411694614145,0.741194626276069,-1.36179732412471,5,7,3
"5_7_3",1.79806,44.82765,-2.93186281522286,0.679142300723087,-1.32687102727167,5,7,3
"5_7_3",1.68002,44.46616,-2.01928405259571,1.1673951747107,-1.01975190878278,5,7,3
"7_7_2",-1.13,39.82,0.397306104074098,1.69302727918846,-2.04670185972077,7,7,2
"7_7_2",-1.13,39.73,0.297599125985891,1.7544544626617,-1.64861359989274,7,7,2
"7_7_2",-1.13,39.69,0.297599125985891,1.7544544626617,-1.64861359989274,7,7,2
"6_7_1",-1.0711473,39.8688337,-1.02693660032326,1.26064378845142,-2.73830601564832,6,7,1
"6_7_1",1.1388643,41.7588962,-0.504547882078615,1.04796939215799,-2.43198644577522,6,7,1
"6_7_1",-1.18,40.11,-1.53690800125526,1.51696123542165,-2.86415285946774,6,7,1
"6_7_1",-0.46,42.06,-0.69143089908645,1.88587845147463,-2.78517451979696,6,7,1
"6_7_1",-1.26,40.1,-1.31640427982528,1.81888107522488,-2.91710316669842,6,7,1
"5_7_1",-1.0611549,40.3188429,-2.43898356613791,0.650988987068594,-2.72297951631645,5,7,1
"5_7_1",-1.3,40.2,-2.46419199654533,1.33475848813132,-2.73393085869839,5,7,1
"5_7_1",-1.291161,40.4088424,-2.47716225783854,1.08132972063005,-2.78981488781344,5,7,1
"5_7_1",0.534319,41.938991,-2.32717580690554,1.65701966268808,-2.3922301358681,5,7,1
"5_7_1",-1.0711488,39.9588355,-2.51072924701465,0.877939486038736,-2.56443217902943,5,7,1
"6_5_4",0.15,40.79,-1.16459167955111,-0.700459727413137,-0.782915322717717,6,5,4
"6_5_4",-0.39,40.14,-0.0767816057614531,-0.956542758070714,-0.897467293264695,6,5,4
"6_5_4",-0.21,40.29,-0.35277818840955,-1.05101378030952,-0.775904034660263,6,5,4
"6_5_4",-0.21,40.3,-0.35277818840955,-1.05101378030952,-0.775904034660263,6,5,4
"6_5_4",1.1488725,41.3088864,-0.937868990411063,-1.70682270755414,-0.614683484511137,6,5,4
"7_6_4",-0.6,39.9,0.733543611650899,-0.218063238756397,-0.553297198153698,7,6,4
"7_6_4",-0.66,39.9,0.733543611650899,-0.218063238756397,-0.553297198153698,7,6,4
"7_6_4",-0.54,39.99,0.672784450434829,-0.54715681015763,-0.766190528518072,7,6,4
"7_6_4",-0.62,39.83,0.982659254740093,-0.208726177891829,-0.519965124965094,7,6,4
"7_6_4",-0.72,39.79,0.516530631393262,0.0201592219479614,-0.63762632927849,7,6,4
"9_6_5",-0.31,39.08,4.18950463345224,0.000924316608936243,-0.167192826965751,9,6,5
"9_6_5",0.4988678,40.8188692,3.58990320035601,0.545385884794058,-0.0686719143198504,9,6,5
"9_6_5",-0.0711076,38.6788205,3.56115279488798,0.34306667788161,0.326540264095958,9,6,5
"9_6_5",0.51,40.71,3.85095980240577,-0.0123362667869752,-0.0573024155142082,9,6,5
"9_6_5",0.4588712,40.5788638,3.77232274531624,-0.497423666211463,-0.158572992671219,9,6,5
"9_5_6",2.866,39.628191,3.10990973650177,-1.85347187246494,0.597715054809867,9,5,6
"5_4_4",1.0288701,41.3088851,-2.44522731442184,-1.90471322365131,-0.48308467872962,5,4,4
"5_4_4",2.62911,42.44723,-2.91714382468978,-2.89571464940896,-0.812214111038963,5,4,4
"5_4_4",2.65328,42.47543,-2.91714382468978,-2.89571464940896,-0.812214111038963,5,4,4
"5_4_4",1.44,41.45,-1.69694895098573,-2.62653704580306,-0.502827140694215,5,4,4
"5_4_4",2.60184,42.44716,-2.91714382468978,-2.89571464940896,-0.812214111038963,5,4,4
"9_8_4",-0.88,38.62,3.21335276156674,2.36047740761861,-0.680002024930773,9,8,4
"9_8_4",-0.86,38.59,3.21335276156674,2.36047740761861,-0.680002024930773,9,8,4
"9_8_4",-0.83,38.42,3.73906417030365,2.41021811462986,-0.747942949962586,9,8,4
"9_8_4",-0.79,38.5,3.73906417030365,2.41021811462986,-0.747942949962586,9,8,4
"9_8_4",-0.7811184,38.4788096,3.73906417030365,2.41021811462986,-0.747942949962586,9,8,4
"5_5_3",2.42362,42.64434,-2.26502225615838,-1.33696988425098,-1.14558056956927,5,5,3
"5_5_3",2.44218,42.63523,-2.26502225615838,-1.33696988425098,-1.14558056956927,5,5,3
"5_5_3",0.0988609,40.7488637,-2.54218142995043,-1.51400115752721,-0.931045138780451,5,5,3
"5_5_3",2.43145,42.65262,-2.26502225615838,-1.33696988425098,-1.14558056956927,5,5,3
"5_5_3",2.48811,42.6422,-2.26502225615838,-1.33696988425098,-1.14558056956927,5,5,3
"5_7_8",0.74206,44.42484,-1.5822555945138,1.02624011305886,1.83043292807376,5,7,8
"5_7_8",0.28068,44.80083,-1.75846728376556,0.659323392872721,2.22177664298363,5,7,8
"1_1_6",2.24225,42.59621,-8.60883164067549,-6.2036026743726,1.06146284239745,1,1,6
"9_4_6",3.040878,39.790446,3.17594540509985,-2.3171573354462,0.887857733302631,9,4,6
"9_4_6",3.029191,39.772429,3.17594540509985,-2.3171573354462,0.887857733302631,9,4,6
"9_4_6",3.18089,39.736251,3.11370584345066,-2.42118142480176,0.944310454160956,9,4,6
"9_4_6",3.086729,39.785126,3.23488604515448,-2.38620264896925,0.937750970146696,9,4,6
"9_4_6",3.00584,39.790453,3.17594540509985,-2.3171573354462,0.887857733302631,9,4,6
"9_9_6",-3.42056,36.903518,3.21325769859191,3.78794088012677,0.636051040291827,9,9,6
"9_9_6",-3.418118,36.889747,3.21325769859191,3.78794088012677,0.636051040291827,9,9,6
"5_6_2",1.11494,43.41164,-2.15407491460421,0.355921788736791,-1.73080548330178,5,6,2
"5_6_2",1.34256,43.11152,-2.360775558451,0.15969649443658,-1.67025426967483,5,6,2
"5_6_2",0.2,42.32,-2.62734174922358,0.613680523844574,-2.20857122046041,5,6,2
"5_6_2",1.34468,43.28013,-2.00874215122707,0.448551895956643,-1.67508493715337,5,6,2
"5_6_2",1.33739,43.29138,-2.00874215122707,0.448551895956643,-1.67508493715337,5,6,2
"7_7_4",-0.89,39.46,1.13309079986236,0.919106287032268,-0.520851015144791,7,7,4
"7_7_4",-0.9,39.47,1.13309079986236,0.919106287032268,-0.520851015144791,7,7,4
"7_7_4",-0.91,39.46,1.13309079986236,0.919106287032268,-0.520851015144791,7,7,4
"7_7_4",-0.97,39.42,0.99449665547687,1.2160083457194,-0.520594213255722,7,7,4
"7_7_4",-0.5111165,38.6888163,1.42670092435975,1.11247403546099,-0.321237570062264,7,7,4
"4_3_4",2.65085,42.36624,-3.68693682720632,-3.48282523000488,-0.873306104122049,4,3,4
"4_3_4",2.57551,42.4041,-4.15078871168065,-3.71452895588968,-0.765144052720122,4,3,4
"5_3_8",-1.38651,46.02446,-1.97269852798614,-4.37278373931538,1.96806882884982,5,3,8
"5_3_8",-1.31176,46.1706,-1.88591355387343,-4.18725030005008,1.85110542273715,5,3,8
"5_3_8",-2.15352,47.87228,-2.76138327837881,-4.4308090786466,2.1190217565756,5,3,8
"6_6_3",-0.61,39.94,-0.158553968348341,-0.419431015127813,-1.12927829106657,6,6,3
"6_6_3",-0.6,39.95,-0.158553968348341,-0.419431015127813,-1.12927829106657,6,6,3
"6_6_3",-0.65,39.99,-0.158553968348341,-0.419431015127813,-1.12927829106657,6,6,3
"6_6_3",-0.62,39.95,-0.158553968348341,-0.419431015127813,-1.12927829106657,6,6,3
"6_6_3",-0.62,39.94,-0.158553968348341,-0.419431015127813,-1.12927829106657,6,6,3
"6_4_6",3.07873,42.48419,-0.322396316589345,-2.15295462020163,0.71434473773925,6,4,6
"6_4_6",3.04259,42.4996,-0.322396316589345,-2.15295462020163,0.71434473773925,6,4,6
"6_4_6",3.07931,42.49319,-0.322396316589345,-2.15295462020163,0.71434473773925,6,4,6
"6_4_6",2.98092,42.49971,-1.41091827911745,-2.54128681785901,1.02783098697314,6,4,6
"6_4_6",3.07768,42.43285,-0.322396316589345,-2.15295462020163,0.71434473773925,6,4,6
"7_6_3",-0.57,40.02,0.139152892672376,-0.624814988506069,-1.04914570356571,7,6,3
"7_6_3",-0.57,40.01,0.139152892672376,-0.624814988506069,-1.04914570356571,7,6,3
"7_6_3",-0.56,40.01,0.139152892672376,-0.624814988506069,-1.04914570356571,7,6,3
"7_6_3",-0.53,40.08,0.139152892672376,-0.624814988506069,-1.04914570356571,7,6,3
"7_6_3",-0.78,39.81,0.21777825939129,0.170904074551941,-1.14714332272912,7,6,3
"6_7_5",1.98259,43.31035,-1.04550523472745,0.974920222147939,-0.210758428918596,6,7,5
"6_7_5",1.95308,43.2991,-1.04550523472745,0.974920222147939,-0.210758428918596,6,7,5
"6_7_3",1.32168,43.8311,-1.27755004912848,1.31114269568238,-0.974158776497991,6,7,3
"6_7_3",1.43209,43.59603,-1.28036047386586,1.21721100106165,-0.980005697799052,6,7,3
"6_7_3",1.45085,43.65301,-1.28036047386586,1.21721100106165,-0.980005697799052,6,7,3
"6_7_3",1.28006,43.86949,-1.32205038450361,1.31876071638932,-0.950263130647539,6,7,3
"6_7_3",1.48729,43.52873,-1.3707586157095,1.08332829880103,-0.950270637340156,6,7,3
"4_4_4",2.20682,42.76161,-4.14137648069876,-2.06844933179792,-0.894557940105447,4,4,4
"4_4_4",2.32884,42.76244,-4.39023063799287,-2.33022750366928,-0.893508764060929,4,4,4
"4_4_4",2.30787,42.80849,-4.39023063799287,-2.33022750366928,-0.893508764060929,4,4,4
"4_4_4",2.23613,42.80972,-4.14137648069876,-2.06844933179792,-0.894557940105447,4,4,4
"5_7_4",1.63651,44.47985,-2.02692635883324,1.16871887939066,-0.685454574308757,5,7,4
"5_7_4",1.73661,44.15624,-1.86930884441852,1.20153389727081,-0.752654180486505,5,7,4
"3_3_5",2.56831,42.44702,-5.16794371557814,-4.26858134501409,-0.160069377728339,3,3,5
"3_3_5",2.56781,42.44612,-5.16794371557814,-4.26858134501409,-0.160069377728339,3,3,5
"6_5_3",-0.49,40.14,-0.698031482079368,-0.940888898090546,-1.39590959778177,6,5,3
"6_5_3",-0.19,40.38,-1.26810352542128,-1.24205331080129,-1.21331291043696,6,5,3
"6_5_3",-0.5,40.11,-0.698031482079368,-0.940888898090546,-1.39590959778177,6,5,3
"6_5_3",-0.58,40.11,-0.575367912984768,-0.802930413384163,-1.56633667460361,6,5,3
"6_5_3",-0.57,40.09,-0.575367912984768,-0.802930413384163,-1.56633667460361,6,5,3
"6_6_2",-0.88,39.79,-0.361166299478201,0.338374598744761,-1.86438207175232,6,6,2
"6_6_2",-0.6,40.11,-0.856002576497264,-0.628533199237102,-1.71901073238018,6,6,2
"6_6_2",-0.89,39.8,-0.361166299478201,0.338374598744761,-1.86438207175232,6,6,2
"6_6_2",-0.88,39.8,-0.361166299478201,0.338374598744761,-1.86438207175232,6,6,2
"6_6_2",-0.6,40.1,-0.856002576497264,-0.628533199237102,-1.71901073238018,6,6,2
"5_5_2",-0.29,40.37,-2.71288128165446,-1.48596730339118,-2.00038417067326,5,5,2
"5_5_2",-0.4,40.22,-2.10351544964221,-1.2963186107697,-1.80865519816526,5,5,2
"5_5_2",-0.41,40.23,-2.10351544964221,-1.2963186107697,-1.80865519816526,5,5,2
"5_5_2",-0.4,40.23,-2.10351544964221,-1.2963186107697,-1.80865519816526,5,5,2
"5_5_2",-0.42,40.2,-2.13433695516853,-1.09393437338253,-2.16205656553043,5,5,2
"9_7_5",0.4988662,40.9088712,3.17003039989701,0.785603120900865,-0.072493130690723,9,7,5
"9_7_5",-0.411116,38.778819,3.33844541193209,0.792067905722696,-0.142659653728213,9,7,5
"9_7_5",0.4988668,40.8788705,3.17003039989701,0.785603120900865,-0.072493130690723,9,7,5
"9_7_5",-0.1,38.66,4.33841176857774,0.648414090524196,0.201120941579008,9,7,5
"9_7_5",-0.12,38.63,4.33841176857774,0.648414090524196,0.201120941579008,9,7,5
"4_5_3",1.59242,42.93517,-3.39815281190628,-0.714300552062957,-1.37596971859756,4,5,3
"4_5_3",1.61024,42.96532,-3.39815281190628,-0.714300552062957,-1.37596971859756,4,5,3
"4_5_3",1.5946,42.84526,-4.28738142083522,-1.51362691683911,-1.13428814481601,4,5,3
"5_5_4",2.45171,42.67323,-3.06858253124019,-1.60982338755598,-0.737639651707404,5,5,4
"5_5_4",2.49325,42.70788,-3.06858253124019,-1.60982338755598,-0.737639651707404,5,5,4
"5_5_4",2.48103,42.70782,-3.06858253124019,-1.60982338755598,-0.737639651707404,5,5,4
"5_5_4",0.06,40.6,-1.81353024130262,-1.28568268488616,-0.787730405350739,5,5,4
"6_7_4",1.57921,43.47478,-1.41495785345772,0.977175662122471,-0.8723685609367,6,7,4
"6_7_4",1.53432,43.4339,-1.41495785345772,0.977175662122471,-0.8723685609367,6,7,4
"6_7_4",1.59332,43.52197,-1.3940416492496,1.07444080426608,-0.851670043286423,6,7,4
"6_7_4",1.90164,43.45067,-1.53259672075349,0.916968171048309,-0.670379648170306,6,7,4
"6_7_4",1.58023,43.48468,-1.41495785345772,0.977175662122471,-0.8723685609367,6,7,4
"3_4_4",1.64704,42.82258,-5.54742661734397,-2.87604935827606,-0.802053922222697,3,4,4
"5_6_3",-0.7511864,42.3888909,-2.94772409303343,0.205651890683704,-0.926123783725125,5,6,3
"5_6_3",1.34938,43.06922,-2.78933865182173,-0.171041072818063,-1.56827269772814,5,6,3
"5_6_3",1.83718,42.9381,-2.89711837530626,-0.597069410421028,-1.33436789410638,5,6,3
"5_6_3",-0.6311821,42.2888898,-2.62040579428111,0.370492579844472,-1.13322848541443,5,6,3
"5_4_5",2.71109,42.47224,-2.0502426769427,-2.25901426313373,0.147177381898391,5,4,5
"5_4_5",2.70576,42.47518,-2.0502426769427,-2.25901426313373,0.147177381898391,5,4,5
"5_4_5",2.69633,42.4944,-2.0502426769427,-2.25901426313373,0.147177381898391,5,4,5
"8_7_5",-0.4111145,38.6888173,2.51344142254462,0.820752838514431,0.220055426685011,8,7,5
"8_7_5",-0.47,38.68,2.28205946540557,1.00051772451099,-0.202281261202888,8,7,5
"8_7_5",0.4488642,40.9688719,2.58549592977937,1.06508847125929,-0.0566071610329454,8,7,5
"8_7_5",-0.4811157,38.6788164,2.28205946540557,1.00051772451099,-0.202281261202888,8,7,5
"8_7_5",0.4588647,40.9488716,2.58549592977937,1.06508847125929,-0.0566071610329454,8,7,5
"6_6_5",0.26,40.88,-0.29522331553716,-0.136894016685237,0.00872233126112918,6,6,5
"6_6_5",2.1354,43.02729,-1.50062876286417,0.226517202464707,0.0269182470613614,6,6,5
"4_2_8",-2.29594,47.95613,-3.17183096892254,-5.06747517340276,2.29089503844765,4,2,8
"4_2_8",-2.19356,47.92,-3.35037106976466,-4.93225814664889,2.21193354005515,4,2,8
"4_3_5",2.3388891,41.7789087,-3.83180959401023,-4.43504041518129,-0.0606489431532748,4,3,5
"4_3_5",2.50742,50.50135,-4.3605185601317,-4.36999153263146,0.282297586616752,4,3,5
"4_3_5",2.57857,50.4753,-4.58033129999109,-4.31586365094844,0.318615595770365,4,3,5
"4_6_9",0.87531,45.80465,-3.3216936766034,-0.249086145172099,2.58210087811513,4,6,9
"4_6_9",1.00402,45.807,-3.70097223670452,-0.430865648869136,2.71069386548781,4,6,9
"10_9_4",-0.98,38.1,5.90533861143446,3.34350287974538,-0.494744140745203,10,9,4
"10_8_4",-0.59,38.37,5.0760191990168,2.02536675717934,-0.892185652195876,10,8,4
"10_8_4",-0.8,37.98,5.97429998406711,2.4862697428357,-0.417453889087808,10,8,4
"10_8_4",-0.7811088,37.8787985,6.14100930592959,2.24292388995186,-0.374933088832709,10,8,4
"10_8_4",-1.63,37.66,4.73414671439892,2.58242243172971,-0.264529187870755,10,8,4
"10_8_4",-0.7811102,37.9688002,5.97429998406711,2.4862697428357,-0.417453889087808,10,8,4
"10_7_3",-0.49,38.35,5.80326063552371,1.5165999184321,-0.931667398654066,10,7,3
"10_7_3",-0.51,38.37,5.62093371362628,1.75500318400891,-0.939361529961851,10,7,3
"10_7_3",-0.42,38.41,5.80326063552371,1.5165999184321,-0.931667398654066,10,7,3
"10_7_3",-0.5411113,38.3288092,5.96382898077887,1.81501257628184,-0.987634033727173,10,7,3
"10_7_3",-0.48,38.37,5.80326063552371,1.5165999184321,-0.931667398654066,10,7,3
"8_8_3",-1.32,39.42,1.58162040438941,2.55021193554309,-0.977431416092819,8,8,3
"7_9_2",-1.43,39.51,0.7052761977397,3.50246872187399,-1.84204985512485,7,9,2
"7_9_2",-0.83,41.71,1.36147143320432,4.24445945627029,-2.03153108566986,7,9,2
"7_9_2",-0.901176,41.6688732,1.41891779130269,4.39576240510182,-1.96248915096006,7,9,2
"6_8_2",-1.19,39.69,-0.228639091957614,2.25327922344978,-2.2527350895358,6,8,2
"6_8_2",-1.67,41.9,-0.663649194590461,3.05324813565019,-1.70769733409924,6,8,2
"6_8_2",-1.7411897,41.4988608,-1.49205205910233,2.78134782182005,-1.90425938540251,6,8,2
"6_8_2",-1.55,41.9,-0.0897422731778482,2.77773802785919,-1.8073806666188,6,8,2
"7_7_3",-1.01,39.64,0.0591029748809861,1.28137809751399,-1.30254478586556,7,7,3
"7_7_3",-1.08,39.6,0.0591029748809861,1.28137809751399,-1.30254478586556,7,7,3
"6_5_5",0.19,40.68,-1.33338408023778,-1.0330522979835,-0.201476770319732,6,5,5
"6_5_5",0.27,40.7,-0.219369237699382,-0.673697257604686,0.035503957662624,6,5,5
"4_6_8",-1.5012077,42.69889,-3.24878889456592,-0.53647881290628,2.05491382070158,4,6,8
"4_6_8",1.37703,46.46142,-3.14258245623498,-0.337895572608804,2.13334629382371,4,6,8
"5_6_1",-0.4511504,40.7588583,-2.46132567565736,-0.199170281545473,-2.53573011298792,5,6,1
"5_6_1",-0.77,39.9,-2.35761274532463,-0.262740375078669,-2.42151349436962,5,6,1
"5_6_1",-1.4011698,40.778849,-2.29832353113287,0.507466035400695,-2.81242429937635,5,6,1
"5_6_1",-0.83,39.86,-2.35761274532463,-0.262740375078669,-2.42151349436962,5,6,1
"5_6_1",-0.77,39.99,-2.80988854592617,-0.281605681493068,-2.46292378334641,5,6,1
"1_1_7",2.4534,42.49343,-7.97535746680581,-6.02053855918453,1.2178194110663,1,1,7
"2_2_5",2.2088768,42.3089194,-6.5885690688864,-5.01867555204199,-0.198710035123557,2,2,5
"2_2_5",2.20926,42.5818,-6.7529074831002,-4.88276560859389,-0.16297135569424,2,2,5
"2_2_5",1.54,42.17,-7.64574802403248,-5.17346812599173,-0.0149958950946083,2,2,5
"2_2_5",1.9688701,42.398919,-7.30350518925629,-5.22919643788737,0.00537378469949845,2,2,5
"2_2_6",2.45255,42.58333,-7.04624212830417,-5.24358722092082,0.878366175767103,2,2,6
"2_2_6",2.41959,42.50596,-7.04624212830417,-5.24358722092082,0.878366175767103,2,2,6
"2_2_6",2.44257,42.55889,-7.04624212830417,-5.24358722092082,0.878366175767103,2,2,6
"4_2_5",2.00704,50.3695,-4.31063995340372,-4.85511778620094,0.319483517969902,4,2,5
"4_2_5",1.93446,50.40007,-4.24653919837258,-4.95167907168775,0.320259733744993,4,2,5
"9_7_7",-4.85117,36.8987405,3.20596259116042,1.68051424160824,1.32363203157858,9,7,7
"9_6_6",-4.6211616,36.6287384,4.28473113634677,-0.376086443778035,0.882616031408439,9,6,6
"6_9_5",-3.7412253,41.2988353,-1.48092935101833,3.24313030765475,0.34044860406052,6,9,5
"6_9_5",-2.8311399,37.3587688,-0.822005499294448,4.00401235161214,0.170958547349427,6,9,5
"6_9_5",-4.1412397,41.6488384,-0.761342874005811,3.75453603408072,-0.212450758376545,6,9,5
"6_9_5",-4.1212383,41.5988376,-0.761342874005811,3.75453603408072,-0.212450758376545,6,9,5
"6_10_4",-2.4011501,38.4987936,-0.303871174009424,4.76229680707825,-0.856762376319864,6,10,4
"8_10_3",-2.0111403,38.358795,2.4249600612002,4.5957843718567,-1.15069401817632,8,10,3
"5_9_2",-2.3411966,41.2288486,-1.85768043176537,3.65556581084929,-1.61156613456541,5,9,2
"6_9_2",-2.2211959,41.3188518,-1.0314347739018,3.93164146185643,-1.80575907221057,6,9,2
"6_9_1",0.178842,41.8888893,-0.0396648617948823,3.52757069209906,-2.95416503657245,6,9,1
"6_9_1",0.5288502,41.8388917,-0.942813698852408,3.29488367377508,-2.77912305680898,6,9,1
"6_7_2",1.1288608,41.9389001,-1.49088029650599,0.842309206365391,-2.22757728717069,6,7,2
"5_8_2",-1.8911806,40.8388451,-2.51407152185613,2.3924966899192,-1.70622942499968,5,8,2
"8_10_2",-0.8511748,41.6588735,1.55777557674172,4.47756811675204,-2.0647691261359,8,10,2
"8_10_2",-0.8611746,41.638873,1.55777557674172,4.47756811675204,-2.0647691261359,8,10,2
"8_10_2",-0.8611742,41.6188726,1.55777557674172,4.47756811675204,-2.0647691261359,8,10,2
"8_10_2",-0.9011751,41.6188721,1.55777557674172,4.47756811675204,-2.0647691261359,8,10,2
"8_10_2",-0.9111758,41.6488727,1.55777557674172,4.47756811675204,-2.0647691261359,8,10,2
"5_1_9",-2.9512457,43.1388846,-2.15862675870697,-6.11256223818654,3.02613850491027,5,1,9
"5_1_9",-2.957,43.141,-2.15862675870697,-6.11256223818654,3.02613850491027,5,1,9
"4_5_8",-1.47,42.67,-3.35446620162312,-0.645162701301369,2.01082615555324,4,5,8
"4_5_8",-1.113,42.721,-3.75014022294043,-1.42137291433193,1.8330001938366,4,5,8
"4_5_8",-1.1112001,42.7188946,-3.75014022294043,-1.42137291433193,1.8330001938366,4,5,8
"6_9_3",-4.1412403,41.6788391,-1.30768870213206,3.6121445193339,-1.19057427760058,6,9,3
"5_4_3",2.4488834,42.22892,-2.4330059951602,-2.96121416951617,-1.19533374637303,5,4,3
"5_4_3",2.2188835,41.9489113,-2.29760845276477,-3.11650773316213,-1.19458293687938,5,4,3
"5_4_3",2.5788861,42.2289213,-2.10209943947857,-2.88199312956278,-1.0798119503522,5,4,3
"5_9_3",-3.8412284,41.3588355,-1.6279311719358,3.28852069164826,-0.961214015922663,5,9,3
"4_5_4",-0.511183,42.4688952,-3.82938674023637,-0.827922238984374,-0.709581408538851,4,5,4
"4_5_4",-0.4311816,42.4788962,-3.55172474778595,-0.711978488043016,-0.78919547296404,4,5,4
"7_7_1",1.07,41.71,0.23446088418744,1.66240758310107,-2.63206010185532,7,7,1
"4_5_2",0.08,42.41,-4.30614013727371,-1.03541592804507,-1.66899750760542,4,5,2
"4_5_2",1.3,42.16,-3.78943345549934,-1.60994705767955,-1.62467067985207,4,5,2
"7_3_6",2.51,41.64,0.24845618489996,-3.20074502512689,0.791918604853507,7,3,6
"5_4_2",1.67,41.99,-2.0028042046042,-2.0696411324422,-1.84352349168895,5,4,2
"7_10_3",-1.95,39.47,0.806564321810058,5.11896009645248,-1.08464710625529,7,10,3
"4_3_3",2.2088784,42.2189173,-4.11368684339607,-3.53990711355789,-1.09729216405542,4,3,3
"4_3_3",2.15,42.08,-3.12876964215298,-3.18157174775687,-1.39943672797508,4,3,3
"10_7_5",-0.24,38.54,4.94631025359645,0.884665117507619,0.054387348300556,10,7,5
"10_8_3",-0.7711143,38.2388052,6.05481448997324,2.7238914731827,-1.0303005783305,10,8,3
"10_8_3",-0.59,38.28,5.7146131078942,2.09903228154447,-0.977357296928282,10,8,3
"10_8_3",-0.6,38.19,6.12920095278197,2.10789645668814,-1.03705304232934,10,8,3
"10_8_3",-0.71,38.19,6.11866566238702,2.40339102159134,-1.04027438392853,10,8,3
"10_8_3",-0.6611107,38.1488047,6.20417442556718,2.14818895449724,-1.06256917964265,10,8,3
"8_9_2",-1.5511447,39.1588148,1.75740972901797,3.89209613593161,-1.99293255739502,8,9,2
"8_9_2",-1.61,39.11,1.94453878115089,4.31929908557873,-2.00294630862974,8,9,2
"8_9_2",-1.511144,39.1688154,1.86149817927241,3.86153048030635,-1.9743290999021,8,9,2
"6_8_3",-1.37,42.13,-0.317432606867935,2.31478455969078,-1.44017104131875,6,8,3
"6_8_3",-1.91,41.99,-1.17927679690929,3.13490645142079,-1.59104913998168,6,8,3
"6_8_3",-2.0912103,42.2188729,-1.52842990997344,2.16588274243358,-1.46146893350673,6,8,3
"9_8_5",-1.75,37.67,4.2008045251466,2.95770433530397,-0.171614189927473,9,8,5
"6_6_4",-2.434,42.501,-1.05913501022857,0.622035510224583,-0.604446749951308,6,6,4
"5_1_10",-1.95,43.3,-1.572681233824,-6.15585250833083,3.80411885404351,5,1,10
"5_1_10",-1.45,43.48,-2.05262672873801,-5.77369534552934,3.16732813552989,5,1,10
"5_1_10",-3.006,43.222,-2.42464469390395,-6.99924441375099,3.23989482064753,5,1,10
"5_1_10",-1.45,43.57,-2.10193455964702,-5.9742137948917,3.23471834605781,5,1,10
"5_1_10",-2.945,43.231,-2.56202275027204,-6.89334816202351,3.2905849694614,5,1,10
"4_4_8",-1.35,42.85,-4.13887177827807,-1.93153706534083,2.32975500857579,4,4,8
"10_7_4",-1.857029,37.289486,5.80347273130295,0.777588821894463,-0.54766526062938,10,7,4
"10_7_4",-0.4211103,38.4188121,5.10512978161524,1.48960083711689,-0.81676616813017,10,7,4
"8_9_4",-2.7211392,37.4487715,2.18315479957829,4.06593225889485,-0.286571815103877,8,9,4
"7_10_6",-3.5312034,40.3288174,1.55002869208272,5.73721335218711,0.715999392801868,7,10,6
"6_10_5",-5.2412629,41.7588288,-0.104797455279647,4.67882036197086,0.386090183416914,6,10,5
"8_10_7",-3.974086,37.059413,2.15209212342005,5.21007406286567,1.14134301016968,8,10,7
