"input_search","acceptedScientificName","acceptedTaxonKey","basisOfRecord","coordinateUncertaintyInMeters","country","countryCode","datasetKey","degreeOfEstablishment","establishmentMeans","individualCount","institutionCode","occurrenceStatus","publishingOrgKey","scientificName","taxonKey","taxonomicStatus","taxonRank","year","occurrence_type","annualPET","aridityIndexThornthwaite","climaticMoistureIndex","continentality","embergerQ","growingDegDays0","growingDegDays5","maxTempColdest","minTempWarmest","monthCountByTemp10","PETColdestQuarter","PETDriestQuarter","PETseasonality","PETWarmestQuarter","PETWettestQuarter","thermicityIndex","lon","lat"
"Soldanella minima","Soldanella minima Hoppe",8109831,"HUMAN_OBSERVATION",4,"Slovenia","SI","50c9509d-22c7-4a22-a47d-8c48425ef4a7",NA,NA,NA,"iNaturalist","PRESENT","28eb1a3f-1c15-4a95-931a-4af90ecb574d","Soldanella minima Hoppe",8109831,"ACCEPTED","SPECIES",2025,"native",610.016235351562,0.0211200006306171,0.530780017375946,17.6131401062012,180.666107177734,12572.8974609375,8023.91845703125,-20.0468006134033,73.1180038452148,2.61640000343323,12.2846126556396,19.7366638183594,3663.5029296875,99.8393325805664,99.8393325805664,-73.6858978271484,13.902763,46.348295
"Soldanella minima","Soldanella minima subsp. minima",7900159,"HUMAN_OBSERVATION",31,"Italy","IT","50c9509d-22c7-4a22-a47d-8c48425ef4a7",NA,NA,NA,"iNaturalist","PRESENT","28eb1a3f-1c15-4a95-931a-4af90ecb574d","Soldanella minima subsp. minima",7900159,"ACCEPTED","SUBSPECIES",2025,"native",693.612548828125,18.1388320922852,0.131160005927086,18.6343593597412,106.707305908203,23909.361328125,16311.5244140625,5.51319980621338,111.603202819824,4.63560009002686,14.7551116943359,14.7551116943359,4076.61254882812,112.283172607422,112.283172607422,21.4186992645264,11.199721,45.775121
"Soldanella minima","Soldanella minima Hoppe",8109831,"HUMAN_OBSERVATION",1497,"Austria","AT","50c9509d-22c7-4a22-a47d-8c48425ef4a7",NA,NA,NA,"iNaturalist","PRESENT","28eb1a3f-1c15-4a95-931a-4af90ecb574d","Soldanella minima Hoppe",8109831,"ACCEPTED","SPECIES",2025,"native",753.890686035156,2.35114407539368,0.398795992136002,19.8246002197266,154.338775634766,22401.8359375,15842.8994140625,-1.71039998531342,102.397201538086,4.5,14.6423120498657,24.8910884857178,4504.80126953125,121.709655761719,121.709655761719,-4.43120002746582,13.952222,46.506943
"Soldanella minima","Soldanella minima Hoppe",8109831,"HUMAN_OBSERVATION",276,"Italy","IT","50c9509d-22c7-4a22-a47d-8c48425ef4a7",NA,NA,NA,"iNaturalist","PRESENT","28eb1a3f-1c15-4a95-931a-4af90ecb574d","Soldanella minima Hoppe",8109831,"ACCEPTED","SPECIES",2025,"native",489.465270996094,0,0.527480006217957,15.5458402633667,170.850646972656,7029.69677734375,3962.12817382812,-33.092399597168,48.6612014770508,0.526400029659271,11.0423240661621,10.4169960021973,2926.17749023438,79.1145629882812,80.7214431762695,-121.591201782227,11.786737,46.530925
"Soldanella minima","Soldanella minima subsp. minima",7900159,"HUMAN_OBSERVATION",15,"Italy","IT","50c9509d-22c7-4a22-a47d-8c48425ef4a7",NA,NA,NA,"iNaturalist","PRESENT","28eb1a3f-1c15-4a95-931a-4af90ecb574d","Soldanella minima subsp. minima",7900159,"ACCEPTED","SUBSPECIES",2025,"native",693.612548828125,18.1388320922852,0.131160005927086,18.6343593597412,106.707305908203,23909.361328125,16311.5244140625,5.51319980621338,111.603202819824,4.63560009002686,14.7551116943359,14.7551116943359,4076.61254882812,112.283172607422,112.283172607422,21.4186992645264,11.20974,45.782868
"Soldanella minima","Soldanella minima subsp. minima",7900159,"HUMAN_OBSERVATION",2666,"Slovenia","SI","50c9509d-22c7-4a22-a47d-8c48425ef4a7",NA,NA,NA,"iNaturalist","PRESENT","28eb1a3f-1c15-4a95-931a-4af90ecb574d","Soldanella minima subsp. minima",7900159,"ACCEPTED","SUBSPECIES",2025,"native",641.175415039062,0.0377640016376972,0.502892017364502,18.4629611968994,173.892684936523,14367.0400390625,9233.373046875,-21.5792007446289,79.6136016845703,2.98639988899231,12.0242080688477,20.1426277160645,3920.5703125,105.499206542969,105.499206542969,-65.3119964599609,14.543309,46.372746
"Soldanella minima","Soldanella minima subsp. minima",7900159,"HUMAN_OBSERVATION",4,"Italy","IT","50c9509d-22c7-4a22-a47d-8c48425ef4a7",NA,NA,NA,"iNaturalist","PRESENT","28eb1a3f-1c15-4a95-931a-4af90ecb574d","Soldanella minima subsp. minima",7900159,"ACCEPTED","SUBSPECIES",2025,"native",678.098449707031,0,0.484515994787216,18.4931793212891,171.088027954102,17139.1875,11575.1279296875,-8.97319984436035,85.9815979003906,3.58999991416931,13.7228994369507,22.4487133026123,4029.92822265625,109.818840026855,109.818840026855,-41.0493011474609,13.6871,46.466508
"Soldanella minima","Soldanella minima Hoppe",8109831,"HUMAN_OBSERVATION",4,"Slovenia","SI","8a863029-f435-446a-821e-275f4f641165",NA,NA,1,NA,"PRESENT","c8d737e0-2ff8-42e8-b8fc-6b805d26fc5f","Soldanella minima Hoppe",8109831,"ACCEPTED","SPECIES",2025,"native",678.098449707031,0,0.484515994787216,18.4931793212891,171.088027954102,17139.1875,11575.1279296875,-8.97319984436035,85.9815979003906,3.58999991416931,13.7228994369507,22.4487133026123,4029.92822265625,109.818840026855,109.818840026855,-41.0493011474609,13.742368,46.441856
"Soldanella minima","Soldanella minima Hoppe",8109831,"HUMAN_OBSERVATION",4,"Slovenia","SI","8a863029-f435-446a-821e-275f4f641165",NA,NA,5,NA,"PRESENT","c8d737e0-2ff8-42e8-b8fc-6b805d26fc5f","Soldanella minima Hoppe",8109831,"ACCEPTED","SPECIES",2025,"native",678.098449707031,0,0.484515994787216,18.4931793212891,171.088027954102,17139.1875,11575.1279296875,-8.97319984436035,85.9815979003906,3.58999991416931,13.7228994369507,22.4487133026123,4029.92822265625,109.818840026855,109.818840026855,-41.0493011474609,13.74211,46.441176
"Soldanella minima","Soldanella minima Hoppe",8109831,"HUMAN_OBSERVATION",10,"Slovenia","SI","50c9509d-22c7-4a22-a47d-8c48425ef4a7",NA,NA,NA,"iNaturalist","PRESENT","28eb1a3f-1c15-4a95-931a-4af90ecb574d","Soldanella minima Hoppe",8109831,"ACCEPTED","SPECIES",2025,"native",731.104675292969,6.3981237411499,0.437307983636856,18.7645797729492,168.752624511719,25506.0078125,16109.3203125,7.74200010299683,108.166801452637,4.58640003204346,15.3494520187378,24.901195526123,4275.16552734375,117.3076171875,77.8528442382812,18.5801010131836,13.841063,46.244728
"Soldanella minima","Soldanella minima subsp. minima",7900159,"HUMAN_OBSERVATION",14,"Italy","IT","50c9509d-22c7-4a22-a47d-8c48425ef4a7",NA,NA,NA,"iNaturalist","PRESENT","28eb1a3f-1c15-4a95-931a-4af90ecb574d","Soldanella minima subsp. minima",7900159,"ACCEPTED","SUBSPECIES",2025,"native",652.757690429688,17.0584888458252,0.164452001452446,18.1212596893311,108.018295288086,21140.4140625,13479.9208984375,0.889599978923798,105.199600219727,4.19199991226196,14.0297718048096,14.0297718048096,3849.6875,106.293495178223,103.364852905273,3.36660003662109,11.132892,45.725003
"Soldanella minima","Soldanella minima Hoppe",8109831,"HUMAN_OBSERVATION",8,"Slovenia","SI","50c9509d-22c7-4a22-a47d-8c48425ef4a7",NA,NA,NA,"iNaturalist","PRESENT","28eb1a3f-1c15-4a95-931a-4af90ecb574d","Soldanella minima Hoppe",8109831,"ACCEPTED","SPECIES",2025,"native",733.595581054688,3.55509209632874,0.408403992652893,19.7248210906982,156.414489746094,21159.2109375,15272.529296875,-7.68319988250732,101.095596313477,4.353600025177,13.7129077911377,23.5418796539307,4450.521484375,119.496192932129,119.30834197998,-10.7301998138428,14.646344,46.300678
"Soldanella minima","Soldanella minima subsp. minima",7900159,"HUMAN_OBSERVATION",8,"Italy","IT","50c9509d-22c7-4a22-a47d-8c48425ef4a7",NA,NA,NA,"iNaturalist","PRESENT","28eb1a3f-1c15-4a95-931a-4af90ecb574d","Soldanella minima subsp. minima",7900159,"ACCEPTED","SUBSPECIES",2025,"native",652.757690429688,17.0584888458252,0.164452001452446,18.1212596893311,108.018295288086,21140.4140625,13479.9208984375,0.889599978923798,105.199600219727,4.19199991226196,14.0297718048096,14.0297718048096,3849.6875,106.293495178223,103.364852905273,3.36660003662109,11.13505,45.702733
"Soldanella minima","Soldanella minima subsp. minima",7900159,"HUMAN_OBSERVATION",11,"Slovenia","SI","50c9509d-22c7-4a22-a47d-8c48425ef4a7",NA,NA,NA,"iNaturalist","PRESENT","28eb1a3f-1c15-4a95-931a-4af90ecb574d","Soldanella minima subsp. minima",7900159,"ACCEPTED","SUBSPECIES",2025,"native",747.282287597656,6.09218788146973,0.424288004636765,18.7594394683838,168.083221435547,27024.36328125,18016.27734375,13.0391998291016,112.600799560547,4.59000015258789,15.9240760803223,25.7179393768311,4342.54638671875,119.426986694336,79.8833694458008,32.8395004272461,13.832558,46.23998
"Soldanella minima","Soldanella minima subsp. minima",7900159,"HUMAN_OBSERVATION",31,"Italy","IT","50c9509d-22c7-4a22-a47d-8c48425ef4a7",NA,NA,NA,"iNaturalist","PRESENT","28eb1a3f-1c15-4a95-931a-4af90ecb574d","Soldanella minima subsp. minima",7900159,"ACCEPTED","SUBSPECIES",2025,"native",551.502197265625,0.50984400510788,0.407972007989883,16.1898994445801,142.993362426758,10079.88671875,6670.08056640625,-18.6000003814697,65.1887969970703,1.3503999710083,11.8889760971069,11.8889760971069,3264.5537109375,90.1706466674805,90.1706466674805,-77.3270034790039,11.710172,46.399054
"Soldanella minima","Soldanella minima subsp. minima",7900159,"HUMAN_OBSERVATION",14,"Italy","IT","50c9509d-22c7-4a22-a47d-8c48425ef4a7",NA,NA,NA,"iNaturalist","PRESENT","28eb1a3f-1c15-4a95-931a-4af90ecb574d","Soldanella minima subsp. minima",7900159,"ACCEPTED","SUBSPECIES",2025,"native",607.840698242188,6.80219984054565,0.250992000102997,17.1376609802246,118.226715087891,16118.796875,10561.86328125,-6.02880001068115,88.0887985229492,3.42639994621277,13.2218036651611,13.2218036651611,3587.67626953125,99.1752243041992,99.1752243041992,-28.2863006591797,11.447662,45.976578
"Soldanella minima","Soldanella minima Hoppe",8109831,"HUMAN_OBSERVATION",14,"Italy","IT","50c9509d-22c7-4a22-a47d-8c48425ef4a7",NA,NA,NA,"iNaturalist","PRESENT","28eb1a3f-1c15-4a95-931a-4af90ecb574d","Soldanella minima Hoppe",8109831,"ACCEPTED","SPECIES",2025,"native",489.465270996094,0,0.527480006217957,15.5458402633667,170.850646972656,7029.69677734375,3962.12817382812,-33.092399597168,48.6612014770508,0.526400029659271,11.0423240661621,10.4169960021973,2926.17749023438,79.1145629882812,80.7214431762695,-121.591201782227,11.755455,46.513395
"Soldanella minima","Soldanella minima Hoppe",8109831,"HUMAN_OBSERVATION",250,"Austria","AT","6ac3f774-d9fb-4796-b3e9-92bf6c81c084",NA,NA,NA,"NABU|naturgucker","PRESENT","bb646dff-a905-4403-a49b-6d378c2cf0d9","Soldanella minima Hoppe",8109831,"ACCEPTED","SPECIES",2025,"native",544.240478515625,0,0.534251987934113,16.0965404510498,178.590270996094,10334.71875,6048.32421875,-18.9444007873535,64.799201965332,1.76440000534058,11.5030717849731,17.8594398498535,3179.71826171875,87.4175872802734,87.4175872802734,-82.5783996582031,10.194969,47.260361
"Soldanella minima","Soldanella minima subsp. minima",7900159,"HUMAN_OBSERVATION",4,"Slovenia","SI","50c9509d-22c7-4a22-a47d-8c48425ef4a7",NA,NA,NA,"iNaturalist","PRESENT","28eb1a3f-1c15-4a95-931a-4af90ecb574d","Soldanella minima subsp. minima",7900159,"ACCEPTED","SUBSPECIES",2025,"native",641.175415039062,0.0377640016376972,0.502892017364502,18.4629611968994,173.892684936523,14367.0400390625,9233.373046875,-21.5792007446289,79.6136016845703,2.98639988899231,12.0242080688477,20.1426277160645,3920.5703125,105.499206542969,105.499206542969,-65.3119964599609,14.536434,46.353518
"Soldanella minima","Soldanella minima subsp. minima",7900159,"HUMAN_OBSERVATION",5,"Italy","IT","50c9509d-22c7-4a22-a47d-8c48425ef4a7",NA,NA,NA,"iNaturalist","PRESENT","28eb1a3f-1c15-4a95-931a-4af90ecb574d","Soldanella minima subsp. minima",7900159,"ACCEPTED","SUBSPECIES",2025,"native",542.986572265625,0.152064010500908,0.449268013238907,16.3267002105713,150.025955200195,8895.1298828125,5317.861328125,-24.8491992950439,57.7756004333496,1.16359996795654,11.4878358840942,11.4025640487671,3231.06616210938,88.620246887207,88.8393707275391,-99.9962005615234,11.848047,46.522458
"Soldanella minima","Soldanella minima Hoppe",8109831,"HUMAN_OBSERVATION",3,"Italy","IT","50c9509d-22c7-4a22-a47d-8c48425ef4a7",NA,NA,NA,"iNaturalist","PRESENT","28eb1a3f-1c15-4a95-931a-4af90ecb574d","Soldanella minima Hoppe",8109831,"ACCEPTED","SPECIES",2025,"native",542.986572265625,0.152064010500908,0.449268013238907,16.3267002105713,150.025955200195,8895.1298828125,5317.861328125,-24.8491992950439,57.7756004333496,1.16359996795654,11.4878358840942,11.4025640487671,3231.06616210938,88.620246887207,88.8393707275391,-99.9962005615234,11.847545,46.521778
"Soldanella minima","Soldanella minima Hoppe",8109831,"HUMAN_OBSERVATION",3,"Italy","IT","50c9509d-22c7-4a22-a47d-8c48425ef4a7",NA,NA,NA,"iNaturalist","PRESENT","28eb1a3f-1c15-4a95-931a-4af90ecb574d","Soldanella minima Hoppe",8109831,"ACCEPTED","SPECIES",2025,"native",542.986572265625,0.152064010500908,0.449268013238907,16.3267002105713,150.025955200195,8895.1298828125,5317.861328125,-24.8491992950439,57.7756004333496,1.16359996795654,11.4878358840942,11.4025640487671,3231.06616210938,88.620246887207,88.8393707275391,-99.9962005615234,11.848375,46.522605
"Soldanella minima","Soldanella minima Hoppe",8109831,"HUMAN_OBSERVATION",5,"Slovenia","SI","8a863029-f435-446a-821e-275f4f641165",NA,NA,1,NA,"PRESENT","c8d737e0-2ff8-42e8-b8fc-6b805d26fc5f","Soldanella minima Hoppe",8109831,"ACCEPTED","SPECIES",2025,"native",694.735778808594,0,0.473287999629974,18.6146793365479,169.685592651367,18753.564453125,13447.99609375,-5.43919992446899,89.3163986206055,3.85920000076294,14.1508197784424,23.1542549133301,4112.505859375,112.234764099121,112.234764099121,-30.7560005187988,13.643896,46.440495
"Soldanella minima","Soldanella minima subsp. minima",7900159,"HUMAN_OBSERVATION",2,"Austria","AT","50c9509d-22c7-4a22-a47d-8c48425ef4a7",NA,NA,NA,"iNaturalist","PRESENT","28eb1a3f-1c15-4a95-931a-4af90ecb574d","Soldanella minima subsp. minima",7900159,"ACCEPTED","SUBSPECIES",2025,"native",683.247192382812,3.78094005584717,0.389263987541199,18.595739364624,145.413299560547,16592.44140625,11147.3994140625,-11.0791997909546,77.7972030639648,2.77999997138977,13.6576042175293,22.3041915893555,4060.69360351562,110.234901428223,110.234901428223,-56.4828987121582,12.803756,46.770727
"Soldanella minima","Soldanella minima subsp. minima",7900159,"HUMAN_OBSERVATION",2,"Austria","AT","50c9509d-22c7-4a22-a47d-8c48425ef4a7",NA,NA,NA,"iNaturalist","PRESENT","28eb1a3f-1c15-4a95-931a-4af90ecb574d","Soldanella minima subsp. minima",7900159,"ACCEPTED","SUBSPECIES",2025,"native",683.247192382812,3.78094005584717,0.389263987541199,18.595739364624,145.413299560547,16592.44140625,11147.3994140625,-11.0791997909546,77.7972030639648,2.77999997138977,13.6576042175293,22.3041915893555,4060.69360351562,110.234901428223,110.234901428223,-56.4828987121582,12.803138,46.770965
"Soldanella minima","Soldanella minima subsp. minima",7900159,"HUMAN_OBSERVATION",2,"Austria","AT","50c9509d-22c7-4a22-a47d-8c48425ef4a7",NA,NA,NA,"iNaturalist","PRESENT","28eb1a3f-1c15-4a95-931a-4af90ecb574d","Soldanella minima subsp. minima",7900159,"ACCEPTED","SUBSPECIES",2025,"native",683.247192382812,3.78094005584717,0.389263987541199,18.595739364624,145.413299560547,16592.44140625,11147.3994140625,-11.0791997909546,77.7972030639648,2.77999997138977,13.6576042175293,22.3041915893555,4060.69360351562,110.234901428223,110.234901428223,-56.4828987121582,12.793607,46.765286
"Soldanella minima","Soldanella minima Hoppe",8109831,"HUMAN_OBSERVATION",2,"Austria","AT","50c9509d-22c7-4a22-a47d-8c48425ef4a7",NA,NA,NA,"iNaturalist","PRESENT","28eb1a3f-1c15-4a95-931a-4af90ecb574d","Soldanella minima Hoppe",8109831,"ACCEPTED","SPECIES",2025,"native",683.247192382812,3.78094005584717,0.389263987541199,18.595739364624,145.413299560547,16592.44140625,11147.3994140625,-11.0791997909546,77.7972030639648,2.77999997138977,13.6576042175293,22.3041915893555,4060.69360351562,110.234901428223,110.234901428223,-56.4828987121582,12.805581,46.765431
"Soldanella minima","Soldanella minima Hoppe",8109831,"HUMAN_OBSERVATION",2,"Austria","AT","50c9509d-22c7-4a22-a47d-8c48425ef4a7",NA,NA,NA,"iNaturalist","PRESENT","28eb1a3f-1c15-4a95-931a-4af90ecb574d","Soldanella minima Hoppe",8109831,"ACCEPTED","SPECIES",2025,"native",683.247192382812,3.78094005584717,0.389263987541199,18.595739364624,145.413299560547,16592.44140625,11147.3994140625,-11.0791997909546,77.7972030639648,2.77999997138977,13.6576042175293,22.3041915893555,4060.69360351562,110.234901428223,110.234901428223,-56.4828987121582,12.805619,46.76547
"Soldanella minima","Soldanella minima subsp. minima",7900159,"HUMAN_OBSERVATION",2,"Austria","AT","50c9509d-22c7-4a22-a47d-8c48425ef4a7",NA,NA,NA,"iNaturalist","PRESENT","28eb1a3f-1c15-4a95-931a-4af90ecb574d","Soldanella minima subsp. minima",7900159,"ACCEPTED","SUBSPECIES",2025,"native",683.247192382812,3.78094005584717,0.389263987541199,18.595739364624,145.413299560547,16592.44140625,11147.3994140625,-11.0791997909546,77.7972030639648,2.77999997138977,13.6576042175293,22.3041915893555,4060.69360351562,110.234901428223,110.234901428223,-56.4828987121582,12.790664,46.768462
"Soldanella minima","Soldanella minima subsp. minima",7900159,"HUMAN_OBSERVATION",2,"Austria","AT","50c9509d-22c7-4a22-a47d-8c48425ef4a7",NA,NA,NA,"iNaturalist","PRESENT","28eb1a3f-1c15-4a95-931a-4af90ecb574d","Soldanella minima subsp. minima",7900159,"ACCEPTED","SUBSPECIES",2025,"native",683.247192382812,3.78094005584717,0.389263987541199,18.595739364624,145.413299560547,16592.44140625,11147.3994140625,-11.0791997909546,77.7972030639648,2.77999997138977,13.6576042175293,22.3041915893555,4060.69360351562,110.234901428223,110.234901428223,-56.4828987121582,12.790741,46.767023
"Soldanella minima","Soldanella minima Hoppe",8109831,"HUMAN_OBSERVATION",2,"Austria","AT","50c9509d-22c7-4a22-a47d-8c48425ef4a7",NA,NA,NA,"iNaturalist","PRESENT","28eb1a3f-1c15-4a95-931a-4af90ecb574d","Soldanella minima Hoppe",8109831,"ACCEPTED","SPECIES",2025,"native",683.247192382812,3.78094005584717,0.389263987541199,18.595739364624,145.413299560547,16592.44140625,11147.3994140625,-11.0791997909546,77.7972030639648,2.77999997138977,13.6576042175293,22.3041915893555,4060.69360351562,110.234901428223,110.234901428223,-56.4828987121582,12.804111,46.768403
"Soldanella minima","Soldanella minima subsp. minima",7900159,"HUMAN_OBSERVATION",12,"Italy","IT","50c9509d-22c7-4a22-a47d-8c48425ef4a7",NA,NA,NA,"iNaturalist","PRESENT","28eb1a3f-1c15-4a95-931a-4af90ecb574d","Soldanella minima subsp. minima",7900159,"ACCEPTED","SUBSPECIES",2025,"native",609.019409179688,2.9473762512207,0.331124007701874,17.5046005249023,129.054595947266,12021.8291015625,7917.970703125,-18.3827991485596,66.8667984008789,2.28159999847412,12.4621877670288,12.4621877670288,3625.12426757812,98.9967498779297,98.9967498779297,-81.5998992919922,11.845861,46.584454
"Soldanella minima","Soldanella minima subsp. minima",7900159,"HUMAN_OBSERVATION",4,"Austria","AT","50c9509d-22c7-4a22-a47d-8c48425ef4a7",NA,NA,NA,"iNaturalist","PRESENT","28eb1a3f-1c15-4a95-931a-4af90ecb574d","Soldanella minima subsp. minima",7900159,"ACCEPTED","SUBSPECIES",2025,"native",764.745300292969,4.92460775375366,0.322744011878967,20.8168201446533,135.919647216797,22404.537109375,16125.2646484375,-9.47159957885742,104.975601196289,4.52640008926392,13.8631916046143,24.4347839355469,4663.0869140625,124.467330932617,124.467330932617,-7.81710004806519,14.485785,46.504454
"Soldanella minima","Soldanella minima Hoppe",8109831,"HUMAN_OBSERVATION",3,"Austria","AT","50c9509d-22c7-4a22-a47d-8c48425ef4a7",NA,NA,NA,"iNaturalist","PRESENT","28eb1a3f-1c15-4a95-931a-4af90ecb574d","Soldanella minima Hoppe",8109831,"ACCEPTED","SPECIES",2025,"native",666.80029296875,0.365868002176285,0.478964000940323,18.7751998901367,168.360717773438,16061.728515625,10715.2177734375,-16.2164001464844,84.3227996826172,3.48280000686646,12.770263671875,21.3600006103516,4040.84545898438,109.040603637695,109.040603637695,-52.2122001647949,14.194821,46.452419
"Soldanella minima","Soldanella minima subsp. minima",7900159,"HUMAN_OBSERVATION",14,"Austria","AT","50c9509d-22c7-4a22-a47d-8c48425ef4a7",NA,NA,NA,"iNaturalist","PRESENT","28eb1a3f-1c15-4a95-931a-4af90ecb574d","Soldanella minima subsp. minima",7900159,"ACCEPTED","SUBSPECIES",2025,"native",593.953247070312,0.104723997414112,0.440939992666245,17.6814594268799,146.021484375,10232.7724609375,6542.24755859375,-27.0195999145508,58.2060012817383,1.646399974823,11.7554721832275,16.0582485198975,3572.96899414062,97.1324691772461,97.1324691772461,-109.463401794434,12.518403,46.687862
"Soldanella minima","Soldanella minima Hoppe",8109831,"HUMAN_OBSERVATION",14,"Germany","DE","50c9509d-22c7-4a22-a47d-8c48425ef4a7",NA,NA,NA,"iNaturalist","PRESENT","28eb1a3f-1c15-4a95-931a-4af90ecb574d","Soldanella minima Hoppe",8109831,"ACCEPTED","SPECIES",2025,"native",645.197814941406,0.127259999513626,0.393119990825653,17.4492206573486,149.935974121094,18725.009765625,12069.2529296875,-0.765999972820282,92.4527969360352,3.72199988365173,13.1844844818115,16.659984588623,3768.5361328125,102.378150939941,102.378150939941,-19.2310009002686,11.036258,47.55518
"Soldanella minima","Soldanella minima subsp. minima",7900159,"HUMAN_OBSERVATION",298,"Slovenia","SI","50c9509d-22c7-4a22-a47d-8c48425ef4a7",NA,NA,NA,"iNaturalist","PRESENT","28eb1a3f-1c15-4a95-931a-4af90ecb574d","Soldanella minima subsp. minima",7900159,"ACCEPTED","SUBSPECIES",2025,"native",638.956359863281,0.170016005635262,0.504243969917297,18.4627799987793,174.071975708008,13983.6884765625,9504.412109375,-22.7672004699707,78.9456024169922,3.2836000919342,11.8988122940063,19.9728107452393,3916.05908203125,105.23511505127,105.23511505127,-67.7938995361328,14.632764,46.361479
"Soldanella minima","Soldanella minima subsp. minima",7900159,"HUMAN_OBSERVATION",183,"Slovenia","SI","50c9509d-22c7-4a22-a47d-8c48425ef4a7",NA,NA,NA,"iNaturalist","PRESENT","28eb1a3f-1c15-4a95-931a-4af90ecb574d","Soldanella minima subsp. minima",7900159,"ACCEPTED","SUBSPECIES",2025,"native",638.956359863281,0.170016005635262,0.504243969917297,18.4627799987793,174.071975708008,13983.6884765625,9504.412109375,-22.7672004699707,78.9456024169922,3.2836000919342,11.8988122940063,19.9728107452393,3916.05908203125,105.23511505127,105.23511505127,-67.7938995361328,14.587839,46.359104
"Soldanella minima","Soldanella minima Hoppe",8109831,"HUMAN_OBSERVATION",126,"Slovenia","SI","50c9509d-22c7-4a22-a47d-8c48425ef4a7",NA,NA,NA,"iNaturalist","PRESENT","28eb1a3f-1c15-4a95-931a-4af90ecb574d","Soldanella minima Hoppe",8109831,"ACCEPTED","SPECIES",2025,"native",638.956359863281,0.170016005635262,0.504243969917297,18.4627799987793,174.071975708008,13983.6884765625,9504.412109375,-22.7672004699707,78.9456024169922,3.2836000919342,11.8988122940063,19.9728107452393,3916.05908203125,105.23511505127,105.23511505127,-67.7938995361328,14.588239,46.379336
"Soldanella minima","Soldanella minima Hoppe",8109831,"HUMAN_OBSERVATION",173,"Italy","IT","50c9509d-22c7-4a22-a47d-8c48425ef4a7",NA,NA,NA,"iNaturalist","PRESENT","28eb1a3f-1c15-4a95-931a-4af90ecb574d","Soldanella minima Hoppe",8109831,"ACCEPTED","SPECIES",2025,"native",497.569244384766,0.0171599984169006,0.524955987930298,15.640100479126,166.507965087891,7088.7509765625,4073.3310546875,-31.5527992248535,49.2228012084961,0.259200006723404,10.5042924880981,10.5042924880981,2977.4873046875,82.0088424682617,82.0088424682617,-119.234802246094,11.813934,46.649087
"Soldanella minima","Soldanella minima Hoppe",8109831,"HUMAN_OBSERVATION",61,"Slovenia","SI","50c9509d-22c7-4a22-a47d-8c48425ef4a7",NA,NA,NA,"iNaturalist","PRESENT","28eb1a3f-1c15-4a95-931a-4af90ecb574d","Soldanella minima Hoppe",8109831,"ACCEPTED","SPECIES",2025,"native",641.175415039062,0.0377640016376972,0.502892017364502,18.4629611968994,173.892684936523,14367.0400390625,9233.373046875,-21.5792007446289,79.6136016845703,2.98639988899231,12.0242080688477,20.1426277160645,3920.5703125,105.499206542969,105.499206542969,-65.3119964599609,14.53555,46.354758
"Soldanella minima","Soldanella minima Hoppe",8109831,"HUMAN_OBSERVATION",172,"Italy","IT","50c9509d-22c7-4a22-a47d-8c48425ef4a7",NA,NA,NA,"iNaturalist","PRESENT","28eb1a3f-1c15-4a95-931a-4af90ecb574d","Soldanella minima Hoppe",8109831,"ACCEPTED","SPECIES",2025,"native",516.765747070312,0.692736029624939,0.461748003959656,15.7692003250122,154.147720336914,8583.962890625,4468.72119140625,-25.159200668335,57.5968017578125,1.1904000043869,11.8642206192017,11.1440277099609,3076.13208007812,83.2486801147461,85.0104370117188,-96.9570007324219,11.611917,46.464726
"Soldanella minima","Soldanella minima Hoppe",8109831,"HUMAN_OBSERVATION",21,"Austria","AT","50c9509d-22c7-4a22-a47d-8c48425ef4a7",NA,NA,NA,"iNaturalist","PRESENT","28eb1a3f-1c15-4a95-931a-4af90ecb574d","Soldanella minima Hoppe",8109831,"ACCEPTED","SPECIES",2025,"native",683.247192382812,3.78094005584717,0.389263987541199,18.595739364624,145.413299560547,16592.44140625,11147.3994140625,-11.0791997909546,77.7972030639648,2.77999997138977,13.6576042175293,22.3041915893555,4060.69360351562,110.234901428223,110.234901428223,-56.4828987121582,12.795733,46.762853
"Soldanella minima","Soldanella minima Hoppe",8109831,"HUMAN_OBSERVATION",3,"Italy","IT","50c9509d-22c7-4a22-a47d-8c48425ef4a7",NA,NA,NA,"iNaturalist","PRESENT","28eb1a3f-1c15-4a95-931a-4af90ecb574d","Soldanella minima Hoppe",8109831,"ACCEPTED","SPECIES",2025,"native",489.465270996094,0,0.527480006217957,15.5458402633667,170.850646972656,7029.69677734375,3962.12817382812,-33.092399597168,48.6612014770508,0.526400029659271,11.0423240661621,10.4169960021973,2926.17749023438,79.1145629882812,80.7214431762695,-121.591201782227,11.771171,46.510248
"Soldanella minima","Soldanella minima subsp. minima",7900159,"HUMAN_OBSERVATION",258,"Austria","AT","50c9509d-22c7-4a22-a47d-8c48425ef4a7",NA,NA,NA,"iNaturalist","PRESENT","28eb1a3f-1c15-4a95-931a-4af90ecb574d","Soldanella minima subsp. minima",7900159,"ACCEPTED","SUBSPECIES",2025,"native",753.890686035156,2.35114407539368,0.398795992136002,19.8246002197266,154.338775634766,22401.8359375,15842.8994140625,-1.71039998531342,102.397201538086,4.5,14.6423120498657,24.8910884857178,4504.80126953125,121.709655761719,121.709655761719,-4.43120002746582,13.958301,46.506487
"Soldanella minima","Soldanella minima Hoppe",8109831,"HUMAN_OBSERVATION",251,"Italy","IT","50c9509d-22c7-4a22-a47d-8c48425ef4a7",NA,NA,NA,"iNaturalist","PRESENT","28eb1a3f-1c15-4a95-931a-4af90ecb574d","Soldanella minima Hoppe",8109831,"ACCEPTED","SPECIES",2025,"native",525.570739746094,0.0241200011223555,0.517080008983612,16.5151805877686,161.97737121582,7411.51611328125,4141.9306640625,-34.2831993103027,48.6212005615234,0.550000011920929,10.6598443984985,10.7218360900879,3164.49340820312,86.5651168823242,86.5651168823242,-129.651306152344,12.287493,46.58535
"Soldanella minima","Soldanella minima subsp. minima",7900159,"HUMAN_OBSERVATION",4,"Slovenia","SI","8a863029-f435-446a-821e-275f4f641165",NA,NA,1,NA,"PRESENT","c8d737e0-2ff8-42e8-b8fc-6b805d26fc5f","Soldanella minima subsp. minima",7900159,"ACCEPTED","SUBSPECIES",2025,"native",678.098449707031,0,0.484515994787216,18.4931793212891,171.088027954102,17139.1875,11575.1279296875,-8.97319984436035,85.9815979003906,3.58999991416931,13.7228994369507,22.4487133026123,4029.92822265625,109.818840026855,109.818840026855,-41.0493011474609,13.738205,46.440131
"Soldanella minima","Soldanella minima subsp. minima",7900159,"HUMAN_OBSERVATION",4,"Slovenia","SI","8a863029-f435-446a-821e-275f4f641165",NA,NA,1,NA,"PRESENT","c8d737e0-2ff8-42e8-b8fc-6b805d26fc5f","Soldanella minima subsp. minima",7900159,"ACCEPTED","SUBSPECIES",2025,"native",678.098449707031,0,0.484515994787216,18.4931793212891,171.088027954102,17139.1875,11575.1279296875,-8.97319984436035,85.9815979003906,3.58999991416931,13.7228994369507,22.4487133026123,4029.92822265625,109.818840026855,109.818840026855,-41.0493011474609,13.740153,46.440708
"Soldanella minima","Soldanella minima Hoppe",8109831,"HUMAN_OBSERVATION",122,"Italy","IT","50c9509d-22c7-4a22-a47d-8c48425ef4a7",NA,NA,NA,"iNaturalist","PRESENT","28eb1a3f-1c15-4a95-931a-4af90ecb574d","Soldanella minima Hoppe",8109831,"ACCEPTED","SPECIES",2025,"native",593.024291992188,1.94942402839661,0.332055985927582,16.9208793640137,129.106674194336,11961.826171875,8213.490234375,-15.1107997894287,69.9375991821289,2.55999994277954,12.5676364898682,12.469428062439,3514.80688476562,96.3097839355469,96.5500259399414,-68.6054992675781,11.604003,46.501577
"Soldanella minima","Soldanella minima Hoppe",8109831,"HUMAN_OBSERVATION",5,"Slovenia","SI","8a863029-f435-446a-821e-275f4f641165",NA,NA,1,NA,"PRESENT","c8d737e0-2ff8-42e8-b8fc-6b805d26fc5f","Soldanella minima Hoppe",8109831,"ACCEPTED","SPECIES",2024,"native",691.228698730469,1.22080397605896,0.44556400179863,19.3598594665527,160.614837646484,18497.7734375,12447.75,-16.2800006866455,90.6971969604492,3.77999997138977,12.7353954315186,21.7813720703125,4224.89013671875,113.194122314453,113.194122314453,-40.7593002319336,14.739276,46.410187
"Soldanella minima","Soldanella minima Hoppe",8109831,"HUMAN_OBSERVATION",11,"Slovenia","SI","50c9509d-22c7-4a22-a47d-8c48425ef4a7",NA,NA,NA,"iNaturalist","PRESENT","28eb1a3f-1c15-4a95-931a-4af90ecb574d","Soldanella minima Hoppe",8109831,"ACCEPTED","SPECIES",2024,"native",733.595581054688,3.55509209632874,0.408403992652893,19.7248210906982,156.414489746094,21159.2109375,15272.529296875,-7.68319988250732,101.095596313477,4.353600025177,13.7129077911377,23.5418796539307,4450.521484375,119.496192932129,119.30834197998,-10.7301998138428,14.646525,46.300734
"Soldanella minima","Soldanella minima subsp. minima",7900159,"HUMAN_OBSERVATION",4,"Italy","IT","50c9509d-22c7-4a22-a47d-8c48425ef4a7",NA,NA,NA,"iNaturalist","PRESENT","28eb1a3f-1c15-4a95-931a-4af90ecb574d","Soldanella minima subsp. minima",7900159,"ACCEPTED","SUBSPECIES",2024,"native",652.757690429688,17.0584888458252,0.164452001452446,18.1212596893311,108.018295288086,21140.4140625,13479.9208984375,0.889599978923798,105.199600219727,4.19199991226196,14.0297718048096,14.0297718048096,3849.6875,106.293495178223,103.364852905273,3.36660003662109,11.136108,45.704422
"Soldanella minima","Soldanella minima subsp. minima",7900159,"HUMAN_OBSERVATION",8,"Italy","IT","50c9509d-22c7-4a22-a47d-8c48425ef4a7",NA,NA,NA,"iNaturalist","PRESENT","28eb1a3f-1c15-4a95-931a-4af90ecb574d","Soldanella minima subsp. minima",7900159,"ACCEPTED","SUBSPECIES",2024,"native",561.530456542969,1.27283203601837,0.394268006086349,16.5030002593994,140.71501159668,10472.5068359375,6555.45703125,-20.3388004302979,63.3300018310547,1.88359999656677,11.8773040771484,11.8639116287231,3334.50415039062,91.6671752929688,91.6999282836914,-85.0703964233398,11.726337,46.532233
"Soldanella minima","Soldanella minima subsp. minima",7900159,"HUMAN_OBSERVATION",8,"Italy","IT","50c9509d-22c7-4a22-a47d-8c48425ef4a7",NA,NA,NA,"iNaturalist","PRESENT","28eb1a3f-1c15-4a95-931a-4af90ecb574d","Soldanella minima subsp. minima",7900159,"ACCEPTED","SUBSPECIES",2024,"native",541.642211914062,0.252011984586716,0.429679989814758,16.0149993896484,147.659744262695,9935.955078125,6184.20263671875,-19.0356006622314,64.9051971435547,1.45440006256104,11.9111795425415,11.8108596801758,3198.00415039062,88.2945938110352,88.5292892456055,-77.6016006469727,11.802548,46.304247
"Soldanella minima","Soldanella minima subsp. minima",7900159,"HUMAN_OBSERVATION",4,"Italy","IT","50c9509d-22c7-4a22-a47d-8c48425ef4a7",NA,NA,NA,"iNaturalist","PRESENT","28eb1a3f-1c15-4a95-931a-4af90ecb574d","Soldanella minima subsp. minima",7900159,"ACCEPTED","SUBSPECIES",2024,"native",537.796752929688,0.020736001431942,0.465952008962631,16.3043594360352,152.749145507812,8455.5849609375,4980.2783203125,-26.3756008148193,56.4115982055664,0.676400005817413,11.2729120254517,11.2729120254517,3204.9169921875,87.8669967651367,88.1064453125,-104.377700805664,11.999442,46.522533
"Soldanella minima","Soldanella minima subsp. minima",7900159,"HUMAN_OBSERVATION",2599,"Italy","IT","50c9509d-22c7-4a22-a47d-8c48425ef4a7",NA,NA,NA,"iNaturalist","PRESENT","28eb1a3f-1c15-4a95-931a-4af90ecb574d","Soldanella minima subsp. minima",7900159,"ACCEPTED","SUBSPECIES",2024,"native",492.755981445312,0.132792010903358,0.517647981643677,15.3816204071045,166.433258056641,7329.18408203125,4158.66845703125,-28.4099998474121,53.6027984619141,0.370000004768372,10.7504920959473,10.7378921508789,2928.18090820312,81.1039352416992,81.1353607177734,-105.375999450684,11.810118,46.354787
"Soldanella minima","Soldanella minima subsp. minima",7900159,"HUMAN_OBSERVATION",24,"Italy","IT","50c9509d-22c7-4a22-a47d-8c48425ef4a7",NA,NA,NA,"iNaturalist","PRESENT","28eb1a3f-1c15-4a95-931a-4af90ecb574d","Soldanella minima subsp. minima",7900159,"ACCEPTED","SUBSPECIES",2024,"native",593.024291992188,1.94942402839661,0.332055985927582,16.9208793640137,129.106674194336,11961.826171875,8213.490234375,-15.1107997894287,69.9375991821289,2.55999994277954,12.5676364898682,12.469428062439,3514.80688476562,96.3097839355469,96.5500259399414,-68.6054992675781,11.636912,46.502083
"Soldanella minima","Soldanella minima subsp. minima",7900159,"HUMAN_OBSERVATION",5,"Italy","IT","50c9509d-22c7-4a22-a47d-8c48425ef4a7",NA,NA,NA,"iNaturalist","PRESENT","28eb1a3f-1c15-4a95-931a-4af90ecb574d","Soldanella minima subsp. minima",7900159,"ACCEPTED","SUBSPECIES",2024,"native",551.663696289062,0,0.459647983312607,16.7962398529053,150.905960083008,8763.6923828125,5403.0322265625,-29.1895999908447,54.1515998840332,1.20560002326965,11.2342157363892,11.2342157363892,3307.45629882812,90.4541473388672,90.4541473388672,-114.684799194336,12.139353,46.65287
"Soldanella minima","Soldanella minima subsp. minima",7900159,"HUMAN_OBSERVATION",7,"Italy","IT","50c9509d-22c7-4a22-a47d-8c48425ef4a7",NA,NA,NA,"iNaturalist","PRESENT","28eb1a3f-1c15-4a95-931a-4af90ecb574d","Soldanella minima subsp. minima",7900159,"ACCEPTED","SUBSPECIES",2024,"native",528.018676757812,0.544439971446991,0.459340006113052,16.0713996887207,156.428375244141,9574.3173828125,5800.00439453125,-25.3500003814697,59.6391983032227,1.37559998035431,12.0963640213013,11.3606843948364,3133.306640625,84.8700332641602,86.5911407470703,-95.5528030395508,11.83415,46.308009
"Soldanella minima","Soldanella minima subsp. minima",7900159,"HUMAN_OBSERVATION",170,"Slovenia","SI","50c9509d-22c7-4a22-a47d-8c48425ef4a7",NA,NA,NA,"iNaturalist","PRESENT","28eb1a3f-1c15-4a95-931a-4af90ecb574d","Soldanella minima subsp. minima",7900159,"ACCEPTED","SUBSPECIES",2024,"native",678.098449707031,0,0.484515994787216,18.4931793212891,171.088027954102,17139.1875,11575.1279296875,-8.97319984436035,85.9815979003906,3.58999991416931,13.7228994369507,22.4487133026123,4029.92822265625,109.818840026855,109.818840026855,-41.0493011474609,13.735425,46.443161
"Soldanella minima","Soldanella minima subsp. minima",7900159,"HUMAN_OBSERVATION",1217,"Italy","IT","50c9509d-22c7-4a22-a47d-8c48425ef4a7",NA,NA,NA,"iNaturalist","PRESENT","28eb1a3f-1c15-4a95-931a-4af90ecb574d","Soldanella minima subsp. minima",7900159,"ACCEPTED","SUBSPECIES",2024,"native",593.84521484375,1.39773595333099,0.372339993715286,17.19455909729,136.643630981445,11480.4306640625,7477.11376953125,-19.1499996185303,66.1024017333984,2.17799997329712,12.3575677871704,12.3575677871704,3526.27319335938,96.7035598754883,96.7035598754883,-82.2475967407227,12.047477,46.493445
"Soldanella minima","Soldanella minima subsp. minima",7900159,"HUMAN_OBSERVATION",8,"Italy","IT","50c9509d-22c7-4a22-a47d-8c48425ef4a7",NA,NA,NA,"iNaturalist","PRESENT","28eb1a3f-1c15-4a95-931a-4af90ecb574d","Soldanella minima subsp. minima",7900159,"ACCEPTED","SUBSPECIES",2024,"native",525.570739746094,0.0241200011223555,0.517080008983612,16.5151805877686,161.97737121582,7411.51611328125,4141.9306640625,-34.2831993103027,48.6212005615234,0.550000011920929,10.6598443984985,10.7218360900879,3164.49340820312,86.5651168823242,86.5651168823242,-129.651306152344,12.310607,46.620929
"Soldanella minima","Soldanella minima Hoppe",8109831,"HUMAN_OBSERVATION",5,"Slovenia","SI","50c9509d-22c7-4a22-a47d-8c48425ef4a7",NA,NA,NA,"iNaturalist","PRESENT","28eb1a3f-1c15-4a95-931a-4af90ecb574d","Soldanella minima Hoppe",8109831,"ACCEPTED","SPECIES",2024,"native",595.454650878906,0,0.537688016891479,17.3799591064453,182.170928955078,12130.63671875,7673.47607421875,-22.1692008972168,69.4492034912109,2.17280006408691,12.044059753418,19.2380409240723,3576.77807617188,97.6024475097656,97.6024475097656,-81.50830078125,13.795175,46.344712
"Soldanella minima","Soldanella minima Hoppe",8109831,"HUMAN_OBSERVATION",244,"Italy","IT","50c9509d-22c7-4a22-a47d-8c48425ef4a7",NA,NA,NA,"iNaturalist","PRESENT","28eb1a3f-1c15-4a95-931a-4af90ecb574d","Soldanella minima Hoppe",8109831,"ACCEPTED","SPECIES",2024,"native",525.570739746094,0.0241200011223555,0.517080008983612,16.5151805877686,161.97737121582,7411.51611328125,4141.9306640625,-34.2831993103027,48.6212005615234,0.550000011920929,10.6598443984985,10.7218360900879,3164.49340820312,86.5651168823242,86.5651168823242,-129.651306152344,12.315528,46.626335
"Soldanella minima","Soldanella minima subsp. minima",7900159,"HUMAN_OBSERVATION",17,"Italy","IT","50c9509d-22c7-4a22-a47d-8c48425ef4a7",NA,NA,NA,"iNaturalist","PRESENT","28eb1a3f-1c15-4a95-931a-4af90ecb574d","Soldanella minima subsp. minima",7900159,"ACCEPTED","SUBSPECIES",2024,"native",561.530456542969,1.27283203601837,0.394268006086349,16.5030002593994,140.71501159668,10472.5068359375,6555.45703125,-20.3388004302979,63.3300018310547,1.88359999656677,11.8773040771484,11.8639116287231,3334.50415039062,91.6671752929688,91.6999282836914,-85.0703964233398,11.730833,46.51972
"Soldanella minima","Soldanella minima subsp. minima",7900159,"HUMAN_OBSERVATION",309,"Slovenia","SI","50c9509d-22c7-4a22-a47d-8c48425ef4a7",NA,NA,NA,"iNaturalist","PRESENT","28eb1a3f-1c15-4a95-931a-4af90ecb574d","Soldanella minima subsp. minima",7900159,"ACCEPTED","SUBSPECIES",2024,"native",595.454650878906,0,0.537688016891479,17.3799591064453,182.170928955078,12130.63671875,7673.47607421875,-22.1692008972168,69.4492034912109,2.17280006408691,12.044059753418,19.2380409240723,3576.77807617188,97.6024475097656,97.6024475097656,-81.50830078125,13.784818,46.342034
"Soldanella minima","Soldanella minima subsp. minima",7900159,"HUMAN_OBSERVATION",931,"Austria","AT","50c9509d-22c7-4a22-a47d-8c48425ef4a7",NA,NA,NA,"iNaturalist","PRESENT","28eb1a3f-1c15-4a95-931a-4af90ecb574d","Soldanella minima subsp. minima",7900159,"ACCEPTED","SUBSPECIES",2024,"native",683.247192382812,3.78094005584717,0.389263987541199,18.595739364624,145.413299560547,16592.44140625,11147.3994140625,-11.0791997909546,77.7972030639648,2.77999997138977,13.6576042175293,22.3041915893555,4060.69360351562,110.234901428223,110.234901428223,-56.4828987121582,12.770813,46.807755
"Soldanella minima","Soldanella minima subsp. minima",7900159,"HUMAN_OBSERVATION",6,"Italy","IT","50c9509d-22c7-4a22-a47d-8c48425ef4a7",NA,NA,NA,"iNaturalist","PRESENT","28eb1a3f-1c15-4a95-931a-4af90ecb574d","Soldanella minima subsp. minima",7900159,"ACCEPTED","SUBSPECIES",2023,"native",516.765747070312,0.692736029624939,0.461748003959656,15.7692003250122,154.147720336914,8583.962890625,4468.72119140625,-25.159200668335,57.5968017578125,1.1904000043869,11.8642206192017,11.1440277099609,3076.13208007812,83.2486801147461,85.0104370117188,-96.9570007324219,11.618841,46.417064
"Soldanella minima","Soldanella minima Hoppe",8109831,"HUMAN_OBSERVATION",25,"Slovenia","SI","8a863029-f435-446a-821e-275f4f641165",NA,NA,1,NA,"PRESENT","c8d737e0-2ff8-42e8-b8fc-6b805d26fc5f","Soldanella minima Hoppe",8109831,"ACCEPTED","SPECIES",2023,"native",678.098449707031,0,0.484515994787216,18.4931793212891,171.088027954102,17139.1875,11575.1279296875,-8.97319984436035,85.9815979003906,3.58999991416931,13.7228994369507,22.4487133026123,4029.92822265625,109.818840026855,109.818840026855,-41.0493011474609,13.74358,46.433617
"Soldanella minima","Soldanella minima subsp. minima",7900159,"HUMAN_OBSERVATION",9,"Germany","DE","50c9509d-22c7-4a22-a47d-8c48425ef4a7",NA,NA,NA,"iNaturalist","PRESENT","28eb1a3f-1c15-4a95-931a-4af90ecb574d","Soldanella minima subsp. minima",7900159,"ACCEPTED","SUBSPECIES",2023,"native",645.197814941406,0.127259999513626,0.393119990825653,17.4492206573486,149.935974121094,18725.009765625,12069.2529296875,-0.765999972820282,92.4527969360352,3.72199988365173,13.1844844818115,16.659984588623,3768.5361328125,102.378150939941,102.378150939941,-19.2310009002686,11.003347,47.544155
"Soldanella minima","Soldanella minima subsp. minima",7900159,"HUMAN_OBSERVATION",8,"Austria","AT","50c9509d-22c7-4a22-a47d-8c48425ef4a7",NA,NA,NA,"iNaturalist","PRESENT","28eb1a3f-1c15-4a95-931a-4af90ecb574d","Soldanella minima subsp. minima",7900159,"ACCEPTED","SUBSPECIES",2023,"native",758.66064453125,4.35583591461182,0.32685199379921,20.5816993713379,137.899871826172,22077.42578125,15902.6474609375,-9.19600009918213,103.950401306152,4.47359991073608,13.7220239639282,24.1213836669922,4629.50537109375,123.429275512695,123.429275512695,-8.86349964141846,14.766091,46.515341
"Soldanella minima","Soldanella minima subsp. minima",7900159,"HUMAN_OBSERVATION",4,"Austria","AT","50c9509d-22c7-4a22-a47d-8c48425ef4a7",NA,NA,NA,"iNaturalist","PRESENT","28eb1a3f-1c15-4a95-931a-4af90ecb574d","Soldanella minima subsp. minima",7900159,"ACCEPTED","SUBSPECIES",2023,"native",758.66064453125,4.35583591461182,0.32685199379921,20.5816993713379,137.899871826172,22077.42578125,15902.6474609375,-9.19600009918213,103.950401306152,4.47359991073608,13.7220239639282,24.1213836669922,4629.50537109375,123.429275512695,123.429275512695,-8.86349964141846,14.755072,46.506538
"Soldanella minima","Soldanella minima subsp. minima",7900159,"HUMAN_OBSERVATION",69,"Austria","AT","50c9509d-22c7-4a22-a47d-8c48425ef4a7",NA,NA,NA,"iNaturalist","PRESENT","28eb1a3f-1c15-4a95-931a-4af90ecb574d","Soldanella minima subsp. minima",7900159,"ACCEPTED","SUBSPECIES",2023,"native",758.66064453125,4.35583591461182,0.32685199379921,20.5816993713379,137.899871826172,22077.42578125,15902.6474609375,-9.19600009918213,103.950401306152,4.47359991073608,13.7220239639282,24.1213836669922,4629.50537109375,123.429275512695,123.429275512695,-8.86349964141846,14.76572,46.519114
"Soldanella minima","Soldanella minima subsp. minima",7900159,"HUMAN_OBSERVATION",867,"Italy","IT","50c9509d-22c7-4a22-a47d-8c48425ef4a7",NA,NA,NA,"iNaturalist","PRESENT","28eb1a3f-1c15-4a95-931a-4af90ecb574d","Soldanella minima subsp. minima",7900159,"ACCEPTED","SUBSPECIES",2023,"native",561.530456542969,1.27283203601837,0.394268006086349,16.5030002593994,140.71501159668,10472.5068359375,6555.45703125,-20.3388004302979,63.3300018310547,1.88359999656677,11.8773040771484,11.8639116287231,3334.50415039062,91.6671752929688,91.6999282836914,-85.0703964233398,11.737448,46.53025
"Soldanella minima","Soldanella minima Hoppe",8109831,"HUMAN_OBSERVATION",8,"Italy","IT","8a863029-f435-446a-821e-275f4f641165",NA,NA,7,NA,"PRESENT","c8d737e0-2ff8-42e8-b8fc-6b805d26fc5f","Soldanella minima Hoppe",8109831,"ACCEPTED","SPECIES",2023,"native",561.530456542969,1.27283203601837,0.394268006086349,16.5030002593994,140.71501159668,10472.5068359375,6555.45703125,-20.3388004302979,63.3300018310547,1.88359999656677,11.8773040771484,11.8639116287231,3334.50415039062,91.6671752929688,91.6999282836914,-85.0703964233398,11.718609,46.524182
"Soldanella minima","Soldanella minima subsp. minima",7900159,"HUMAN_OBSERVATION",15,"Austria","AT","50c9509d-22c7-4a22-a47d-8c48425ef4a7",NA,NA,NA,"iNaturalist","PRESENT","28eb1a3f-1c15-4a95-931a-4af90ecb574d","Soldanella minima subsp. minima",7900159,"ACCEPTED","SUBSPECIES",2023,"native",758.66064453125,4.35583591461182,0.32685199379921,20.5816993713379,137.899871826172,22077.42578125,15902.6474609375,-9.19600009918213,103.950401306152,4.47359991073608,13.7220239639282,24.1213836669922,4629.50537109375,123.429275512695,123.429275512695,-8.86349964141846,14.764661,46.515025
"Soldanella minima","Soldanella minima subsp. minima",7900159,"HUMAN_OBSERVATION",23,"Italy","IT","50c9509d-22c7-4a22-a47d-8c48425ef4a7",NA,NA,NA,"iNaturalist","PRESENT","28eb1a3f-1c15-4a95-931a-4af90ecb574d","Soldanella minima subsp. minima",7900159,"ACCEPTED","SUBSPECIES",2023,"native",652.757690429688,17.0584888458252,0.164452001452446,18.1212596893311,108.018295288086,21140.4140625,13479.9208984375,0.889599978923798,105.199600219727,4.19199991226196,14.0297718048096,14.0297718048096,3849.6875,106.293495178223,103.364852905273,3.36660003662109,11.153334,45.718983
"Soldanella minima","Soldanella minima subsp. minima",7900159,"HUMAN_OBSERVATION",15,"Italy","IT","50c9509d-22c7-4a22-a47d-8c48425ef4a7",NA,NA,NA,"iNaturalist","PRESENT","28eb1a3f-1c15-4a95-931a-4af90ecb574d","Soldanella minima subsp. minima",7900159,"ACCEPTED","SUBSPECIES",2023,"native",652.757690429688,17.0584888458252,0.164452001452446,18.1212596893311,108.018295288086,21140.4140625,13479.9208984375,0.889599978923798,105.199600219727,4.19199991226196,14.0297718048096,14.0297718048096,3849.6875,106.293495178223,103.364852905273,3.36660003662109,11.154753,45.721003
"Soldanella minima","Soldanella minima subsp. minima",7900159,"HUMAN_OBSERVATION",186,"Italy","IT","50c9509d-22c7-4a22-a47d-8c48425ef4a7",NA,NA,NA,"iNaturalist","PRESENT","28eb1a3f-1c15-4a95-931a-4af90ecb574d","Soldanella minima subsp. minima",7900159,"ACCEPTED","SUBSPECIES",2023,"native",525.570739746094,0.0241200011223555,0.517080008983612,16.5151805877686,161.97737121582,7411.51611328125,4141.9306640625,-34.2831993103027,48.6212005615234,0.550000011920929,10.6598443984985,10.7218360900879,3164.49340820312,86.5651168823242,86.5651168823242,-129.651306152344,12.296968,46.606655
"Soldanella minima","Soldanella minima Hoppe",8109831,"HUMAN_OBSERVATION",250,"Austria","AT","6ac3f774-d9fb-4796-b3e9-92bf6c81c084",NA,NA,NA,"NABU|naturgucker","PRESENT","bb646dff-a905-4403-a49b-6d378c2cf0d9","Soldanella minima Hoppe",8109831,"ACCEPTED","SPECIES",2023,"native",476.367492675781,0,0.612727999687195,15.9819002151489,193.261474609375,5774.29736328125,2816.302734375,-44.994800567627,37.3716011047363,0.112800002098083,9.25441646575928,9.25441646575928,2908.107421875,78.9594573974609,78.9594573974609,-160.614395141602,12.032629,47.120598
"Soldanella minima","Soldanella minima subsp. minima",7900159,"HUMAN_OBSERVATION",5,"Slovenia","SI","50c9509d-22c7-4a22-a47d-8c48425ef4a7",NA,NA,NA,"iNaturalist","PRESENT","28eb1a3f-1c15-4a95-931a-4af90ecb574d","Soldanella minima subsp. minima",7900159,"ACCEPTED","SUBSPECIES",2023,"native",641.175415039062,0.0377640016376972,0.502892017364502,18.4629611968994,173.892684936523,14367.0400390625,9233.373046875,-21.5792007446289,79.6136016845703,2.98639988899231,12.0242080688477,20.1426277160645,3920.5703125,105.499206542969,105.499206542969,-65.3119964599609,14.543593,46.349115
"Soldanella minima","Soldanella minima subsp. minima",7900159,"HUMAN_OBSERVATION",63,"Italy","IT","50c9509d-22c7-4a22-a47d-8c48425ef4a7",NA,NA,NA,"iNaturalist","PRESENT","28eb1a3f-1c15-4a95-931a-4af90ecb574d","Soldanella minima subsp. minima",7900159,"ACCEPTED","SUBSPECIES",2023,"native",551.663696289062,0,0.459647983312607,16.7962398529053,150.905960083008,8763.6923828125,5403.0322265625,-29.1895999908447,54.1515998840332,1.20560002326965,11.2342157363892,11.2342157363892,3307.45629882812,90.4541473388672,90.4541473388672,-114.684799194336,12.163813,46.649088
"Soldanella minima","Soldanella minima Hoppe",8109831,"HUMAN_OBSERVATION",3535,"Switzerland","CH","83fdfd3d-3a25-4705-9fbe-3db1d1892b13",NA,NA,NA,NA,"PRESENT","64ee55c9-570a-42af-b7da-3f13c6b4e5a9","Soldanella minima Hoppe",8109831,"ACCEPTED","SPECIES",2023,NA,576.057189941406,0,0.557547986507416,16.3755798339844,207.944305419922,15433.7294921875,9659.4638671875,-8.09879970550537,83.2720031738281,2.58999991416931,12.5373277664185,19.6121997833252,3302.80249023438,90.6676635742188,91.2888565063477,-38.4076995849609,9.44229,46.95606
"Soldanella minima","Soldanella minima subsp. minima",7900159,"HUMAN_OBSERVATION",15,"Italy","IT","50c9509d-22c7-4a22-a47d-8c48425ef4a7",NA,NA,NA,"iNaturalist","PRESENT","28eb1a3f-1c15-4a95-931a-4af90ecb574d","Soldanella minima subsp. minima",7900159,"ACCEPTED","SUBSPECIES",2023,"native",503.613586425781,0,0.510676026344299,15.7713603973389,165.228408813477,7331.06689453125,3891.19677734375,-30.6208000183105,52.2192001342773,0.632000029087067,11.4191722869873,10.729944229126,3002.88623046875,81.1362838745117,82.8562927246094,-113.708801269531,11.852334,46.418724
"Soldanella minima","Soldanella minima subsp. minima",7900159,"HUMAN_OBSERVATION",83,"Italy","IT","50c9509d-22c7-4a22-a47d-8c48425ef4a7",NA,NA,NA,"iNaturalist","PRESENT","28eb1a3f-1c15-4a95-931a-4af90ecb574d","Soldanella minima subsp. minima",7900159,"ACCEPTED","SUBSPECIES",2023,"native",528.018676757812,0.544439971446991,0.459340006113052,16.0713996887207,156.428375244141,9574.3173828125,5800.00439453125,-25.3500003814697,59.6391983032227,1.37559998035431,12.0963640213013,11.3606843948364,3133.306640625,84.8700332641602,86.5911407470703,-95.5528030395508,11.833385,46.263398
"Soldanella minima","Soldanella minima subsp. minima",7900159,"HUMAN_OBSERVATION",36,"Italy","IT","50c9509d-22c7-4a22-a47d-8c48425ef4a7",NA,NA,NA,"iNaturalist","PRESENT","28eb1a3f-1c15-4a95-931a-4af90ecb574d","Soldanella minima subsp. minima",7900159,"ACCEPTED","SUBSPECIES",2023,"native",783.140014648438,13.0530157089233,0.150192007422447,19.7502403259277,110.710777282715,25443.138671875,18619.205078125,12.4371995925903,110.610000610352,4.73080015182495,16.6077308654785,21.9227409362793,4539.2255859375,124.641288757324,124.641288757324,24.4219989776611,12.131606,46.210275
"Soldanella minima","Soldanella minima subsp. minima",7900159,"HUMAN_OBSERVATION",48,"Slovenia","SI","50c9509d-22c7-4a22-a47d-8c48425ef4a7",NA,NA,NA,"iNaturalist","PRESENT","28eb1a3f-1c15-4a95-931a-4af90ecb574d","Soldanella minima subsp. minima",7900159,"ACCEPTED","SUBSPECIES",2022,"native",673.572509765625,0,0.485264003276825,18.4812602996826,172.199813842773,17256.291015625,11664,-10.4891996383667,85.4015960693359,3.5,13.510591506958,22.173131942749,4015.79614257812,109.27254486084,109.27254486084,-42.9206008911133,13.776762,46.444937
"Soldanella minima","Soldanella minima subsp. minima",7900159,"HUMAN_OBSERVATION",15,"Italy","IT","50c9509d-22c7-4a22-a47d-8c48425ef4a7",NA,NA,NA,"iNaturalist","PRESENT","28eb1a3f-1c15-4a95-931a-4af90ecb574d","Soldanella minima subsp. minima",7900159,"ACCEPTED","SUBSPECIES",2022,"native",516.765747070312,0.692736029624939,0.461748003959656,15.7692003250122,154.147720336914,8583.962890625,4468.72119140625,-25.159200668335,57.5968017578125,1.1904000043869,11.8642206192017,11.1440277099609,3076.13208007812,83.2486801147461,85.0104370117188,-96.9570007324219,11.635638,46.451732
"Soldanella minima","Soldanella minima subsp. minima",7900159,"HUMAN_OBSERVATION",3113,"Italy","IT","50c9509d-22c7-4a22-a47d-8c48425ef4a7",NA,NA,NA,"iNaturalist","PRESENT","28eb1a3f-1c15-4a95-931a-4af90ecb574d","Soldanella minima subsp. minima",7900159,"ACCEPTED","SUBSPECIES",2022,"native",588.973449707031,0.958055973052979,0.391243994235992,17.1981201171875,137.624206542969,11005.96875,6760.47705078125,-20.8124008178711,64.3051986694336,1.81319999694824,12.2149639129639,12.962347984314,3499.67456054688,95.9551239013672,95.9551239013672,-88.0967025756836,12.105833,46.488889
"Soldanella minima","Soldanella minima Hoppe",8109831,"HUMAN_OBSERVATION",5,"Slovenia","SI","8a863029-f435-446a-821e-275f4f641165",NA,NA,1,NA,"PRESENT","c8d737e0-2ff8-42e8-b8fc-6b805d26fc5f","Soldanella minima Hoppe",8109831,"ACCEPTED","SPECIES",2022,"native",641.175415039062,0.0377640016376972,0.502892017364502,18.4629611968994,173.892684936523,14367.0400390625,9233.373046875,-21.5792007446289,79.6136016845703,2.98639988899231,12.0242080688477,20.1426277160645,3920.5703125,105.499206542969,105.499206542969,-65.3119964599609,14.535243,46.351648
"Soldanella minima","Soldanella minima Hoppe",8109831,"HUMAN_OBSERVATION",250,"Austria","AT","6ac3f774-d9fb-4796-b3e9-92bf6c81c084",NA,NA,NA,"NABU|naturgucker","PRESENT","bb646dff-a905-4403-a49b-6d378c2cf0d9","Soldanella minima Hoppe",8109831,"ACCEPTED","SPECIES",2022,"native",476.367492675781,0,0.612727999687195,15.9819002151489,193.261474609375,5774.29736328125,2816.302734375,-44.994800567627,37.3716011047363,0.112800002098083,9.25441646575928,9.25441646575928,2908.107421875,78.9594573974609,78.9594573974609,-160.614395141602,12.004066,47.114765
"Soldanella minima","Soldanella minima subsp. minima",7900159,"HUMAN_OBSERVATION",7,"Slovenia","SI","50c9509d-22c7-4a22-a47d-8c48425ef4a7",NA,NA,NA,"iNaturalist","PRESENT","28eb1a3f-1c15-4a95-931a-4af90ecb574d","Soldanella minima subsp. minima",7900159,"ACCEPTED","SUBSPECIES",2022,"native",666.80029296875,0.365868002176285,0.478964000940323,18.7751998901367,168.360717773438,16061.728515625,10715.2177734375,-16.2164001464844,84.3227996826172,3.48280000686646,12.770263671875,21.3600006103516,4040.84545898438,109.040603637695,109.040603637695,-52.2122001647949,14.205629,46.439087
"Soldanella minima","Soldanella minima Hoppe",8109831,"HUMAN_OBSERVATION",9,"Italy","IT","14d5676a-2c54-4f94-9023-1e8dcd822aa0",NA,NA,1,NA,"PRESENT","da86174a-a605-43a4-a5e8-53d484152cd3","Soldanella minima Hoppe",8109831,"ACCEPTED","SPECIES",2022,"native",541.642211914062,0.252011984586716,0.429679989814758,16.0149993896484,147.659744262695,9935.955078125,6184.20263671875,-19.0356006622314,64.9051971435547,1.45440006256104,11.9111795425415,11.8108596801758,3198.00415039062,88.2945938110352,88.5292892456055,-77.6016006469727,11.823917,46.327864
"Soldanella minima","Soldanella minima subsp. minima",7900159,"HUMAN_OBSERVATION",4,"Italy","IT","50c9509d-22c7-4a22-a47d-8c48425ef4a7",NA,NA,NA,"iNaturalist","PRESENT","28eb1a3f-1c15-4a95-931a-4af90ecb574d","Soldanella minima subsp. minima",7900159,"ACCEPTED","SUBSPECIES",2022,"native",516.765747070312,0.692736029624939,0.461748003959656,15.7692003250122,154.147720336914,8583.962890625,4468.72119140625,-25.159200668335,57.5968017578125,1.1904000043869,11.8642206192017,11.1440277099609,3076.13208007812,83.2486801147461,85.0104370117188,-96.9570007324219,11.62346,46.496498
"Soldanella minima","Soldanella minima subsp. minima",7900159,"HUMAN_OBSERVATION",575,"Italy","IT","50c9509d-22c7-4a22-a47d-8c48425ef4a7",NA,NA,NA,"iNaturalist","PRESENT","28eb1a3f-1c15-4a95-931a-4af90ecb574d","Soldanella minima subsp. minima",7900159,"ACCEPTED","SUBSPECIES",2022,"native",607.354553222656,0.17688000202179,0.386655986309052,17.7442798614502,134.581649780273,11066.201171875,6968.9833984375,-21.917200088501,63.8488006591797,2.47880005836487,12.3205041885376,12.5929279327393,3626.80981445312,99.0017700195312,99.0017700195312,-94.173698425293,12.2738,46.577583
"Soldanella minima","Soldanella minima subsp. minima",7900159,"HUMAN_OBSERVATION",2700,"Slovenia","SI","50c9509d-22c7-4a22-a47d-8c48425ef4a7",NA,NA,NA,"iNaturalist","PRESENT","28eb1a3f-1c15-4a95-931a-4af90ecb574d","Soldanella minima subsp. minima",7900159,"ACCEPTED","SUBSPECIES",2021,"native",670.866821289062,0.0028800000436604,0.486180007457733,18.5220203399658,171.750259399414,17597.998046875,11544.4736328125,-10.6552000045776,87.3903961181641,3.646399974823,13.4216680526733,22.0183410644531,4010.3134765625,109.082458496094,109.082458496094,-40.7933006286621,13.918135,46.353542
"Soldanella minima","Soldanella minima Hoppe",8109831,"HUMAN_OBSERVATION",8,"Italy","IT","14d5676a-2c54-4f94-9023-1e8dcd822aa0",NA,NA,1,NA,"PRESENT","da86174a-a605-43a4-a5e8-53d484152cd3","Soldanella minima Hoppe",8109831,"ACCEPTED","SPECIES",2021,"native",525.570739746094,0.0241200011223555,0.517080008983612,16.5151805877686,161.97737121582,7411.51611328125,4141.9306640625,-34.2831993103027,48.6212005615234,0.550000011920929,10.6598443984985,10.7218360900879,3164.49340820312,86.5651168823242,86.5651168823242,-129.651306152344,12.312842,46.620645
"Soldanella minima","Soldanella minima Hoppe",8109831,"HUMAN_OBSERVATION",12,"Italy","IT","14d5676a-2c54-4f94-9023-1e8dcd822aa0",NA,NA,1,NA,"PRESENT","da86174a-a605-43a4-a5e8-53d484152cd3","Soldanella minima Hoppe",8109831,"ACCEPTED","SPECIES",2021,"native",593.84521484375,1.39773595333099,0.372339993715286,17.19455909729,136.643630981445,11480.4306640625,7477.11376953125,-19.1499996185303,66.1024017333984,2.17799997329712,12.3575677871704,12.3575677871704,3526.27319335938,96.7035598754883,96.7035598754883,-82.2475967407227,12.050864,46.488367
"Soldanella minima","Soldanella minima Hoppe",8109831,"HUMAN_OBSERVATION",11,"Italy","IT","7a3679ef-5582-4aaa-81f0-8c2545cafc81",NA,NA,1,NA,"PRESENT","da86174a-a605-43a4-a5e8-53d484152cd3","Soldanella minima Hoppe",8109831,"ACCEPTED","SPECIES",2021,"native",528.018676757812,0.544439971446991,0.459340006113052,16.0713996887207,156.428375244141,9574.3173828125,5800.00439453125,-25.3500003814697,59.6391983032227,1.37559998035431,12.0963640213013,11.3606843948364,3133.306640625,84.8700332641602,86.5911407470703,-95.5528030395508,11.901648,46.26027
"Soldanella minima","Soldanella minima Hoppe",8109831,"HUMAN_OBSERVATION",3,"Austria","AT","8a863029-f435-446a-821e-275f4f641165",NA,NA,1,NA,"PRESENT","c8d737e0-2ff8-42e8-b8fc-6b805d26fc5f","Soldanella minima Hoppe",8109831,"ACCEPTED","SPECIES",2021,"native",662.287292480469,0.948112010955811,0.394767999649048,18.5602207183838,140.329513549805,14372.1767578125,9827.673828125,-16.0900001525879,72.0167999267578,2.79559993743896,13.0961198806763,21.3156051635742,3954.775390625,107.279441833496,107.279441833496,-74.6840972900391,12.741566,46.762466
"Soldanella minima","Soldanella minima Hoppe",8109831,"HUMAN_OBSERVATION",3,"Austria","AT","c1492854-5d15-40e9-9ee7-24a18ac05112",NA,NA,NA,"HNS","PRESENT","7a070ba0-bafb-11d9-8e53-b8a03c50a862","Soldanella minima Hoppe",8109831,"ACCEPTED","SPECIES",2021,"native",662.287292480469,0.948112010955811,0.394767999649048,18.5602207183838,140.329513549805,14372.1767578125,9827.673828125,-16.0900001525879,72.0167999267578,2.79559993743896,13.0961198806763,21.3156051635742,3954.775390625,107.279441833496,107.279441833496,-74.6840972900391,12.74157,46.76247
"Soldanella minima","Soldanella minima Hoppe",8109831,"HUMAN_OBSERVATION",4,"Austria","AT","c1492854-5d15-40e9-9ee7-24a18ac05112",NA,NA,NA,"HNS","PRESENT","7a070ba0-bafb-11d9-8e53-b8a03c50a862","Soldanella minima Hoppe",8109831,"ACCEPTED","SPECIES",2021,"native",710.227600097656,2.28993606567383,0.368407994508743,18.9265003204346,141.268737792969,17974.44140625,12681.8818359375,-6.1923999786377,83.4499969482422,3.58439993858337,14.2198438644409,23.352840423584,4209.705078125,114.288330078125,114.288330078125,-41.9360008239746,12.86382,46.78362
"Soldanella minima","Soldanella minima subsp. minima",7900159,"HUMAN_OBSERVATION",328,"Germany","DE","50c9509d-22c7-4a22-a47d-8c48425ef4a7",NA,NA,NA,"iNaturalist","PRESENT","28eb1a3f-1c15-4a95-931a-4af90ecb574d","Soldanella minima subsp. minima",7900159,"ACCEPTED","SUBSPECIES",2020,"native",624.364868164062,0,0.424576014280319,17.1606998443604,155.096054077148,16924.400390625,10908.4521484375,-4.10319995880127,87.534797668457,3.48440003395081,12.8085165023804,17.1028327941895,3653.64477539062,99.3499755859375,99.3499755859375,-30.2607002258301,10.958937,47.517283
"Soldanella minima","Soldanella minima subsp. minima",7900159,"HUMAN_OBSERVATION",263,"Austria","AT","50c9509d-22c7-4a22-a47d-8c48425ef4a7",NA,NA,NA,"iNaturalist","PRESENT","28eb1a3f-1c15-4a95-931a-4af90ecb574d","Soldanella minima subsp. minima",7900159,"ACCEPTED","SUBSPECIES",2020,"native",676.685852050781,0.0348839983344078,0.463615983724594,19.0731010437012,164.16130065918,16368.3740234375,11270.48046875,-17.1259994506836,86.2743988037109,3.81719994544983,12.7028837203979,21.5064792633057,4121.26123046875,110.81526184082,110.81526184082,-50.429500579834,14.388273,46.44302
"Soldanella minima","Soldanella minima Hoppe",8109831,"HUMAN_OBSERVATION",17,"Italy","IT","14d5676a-2c54-4f94-9023-1e8dcd822aa0",NA,NA,1,NA,"PRESENT","da86174a-a605-43a4-a5e8-53d484152cd3","Soldanella minima Hoppe",8109831,"ACCEPTED","SPECIES",2020,"native",561.530456542969,1.27283203601837,0.394268006086349,16.5030002593994,140.71501159668,10472.5068359375,6555.45703125,-20.3388004302979,63.3300018310547,1.88359999656677,11.8773040771484,11.8639116287231,3334.50415039062,91.6671752929688,91.6999282836914,-85.0703964233398,11.726315,46.532284
"Soldanella minima","Soldanella minima Hoppe",8109831,"HUMAN_OBSERVATION",3535,"Switzerland","CH","83fdfd3d-3a25-4705-9fbe-3db1d1892b13",NA,NA,NA,NA,"PRESENT","64ee55c9-570a-42af-b7da-3f13c6b4e5a9","Soldanella minima Hoppe",8109831,"ACCEPTED","SPECIES",2020,NA,515.592956542969,1.10048401355743,0.659924030303955,16.1896800994873,255.547500610352,9918.46875,5638.8232421875,-26.2691993713379,65.6007995605469,1.75720000267029,11.2050113677979,29.5700531005859,3015.54809570312,81.2213973999023,68.402717590332,-94.4878005981445,7.53582,46.20891
"Soldanella minima","Soldanella minima Hoppe",8109831,"HUMAN_OBSERVATION",250,"Germany","DE","6ac3f774-d9fb-4796-b3e9-92bf6c81c084",NA,NA,NA,"NABU|naturgucker","PRESENT","bb646dff-a905-4403-a49b-6d378c2cf0d9","Soldanella minima Hoppe",8109831,"ACCEPTED","SPECIES",2019,"native",681.872619628906,0,0.354723989963531,17.7526397705078,146.248641967773,22268.283203125,15543.8720703125,8.08199977874756,104.737197875977,4.5,13.9145002365112,20.6104907989502,3965.654296875,107.548110961914,107.548110961914,12.3573999404907,11.00903,47.588943
"Soldanella minima","Soldanella minima subsp. samnitica Cristofol. & Pignatti",8157030,"HUMAN_OBSERVATION",2,"Italy","IT","50c9509d-22c7-4a22-a47d-8c48425ef4a7",NA,NA,NA,"iNaturalist","PRESENT","28eb1a3f-1c15-4a95-931a-4af90ecb574d","Soldanella minima subsp. samnitica Cristofol. & Pignatti",8157030,"ACCEPTED","SUBSPECIES",2019,"native",606.068603515625,31.748556137085,0.27879199385643,17.0145206451416,131.800979614258,21644.68359375,13427.3076171875,-1.39320003986359,108.781600952148,3.62919998168945,14.3593873977661,50.4646263122559,3441.10205078125,93.784294128418,22.0606231689453,12.3888006210327,14.118694,42.11591
"Soldanella minima","Soldanella minima subsp. minima",7900159,"HUMAN_OBSERVATION",31,"Slovenia","SI","50c9509d-22c7-4a22-a47d-8c48425ef4a7",NA,NA,NA,"iNaturalist","PRESENT","28eb1a3f-1c15-4a95-931a-4af90ecb574d","Soldanella minima subsp. minima",7900159,"ACCEPTED","SUBSPECIES",2019,"native",678.098449707031,0,0.484515994787216,18.4931793212891,171.088027954102,17139.1875,11575.1279296875,-8.97319984436035,85.9815979003906,3.58999991416931,13.7228994369507,22.4487133026123,4029.92822265625,109.818840026855,109.818840026855,-41.0493011474609,13.739093,46.44286
"Soldanella minima","Soldanella minima subsp. minima",7900159,"HUMAN_OBSERVATION",15,"Italy","IT","50c9509d-22c7-4a22-a47d-8c48425ef4a7",NA,NA,NA,"iNaturalist","PRESENT","28eb1a3f-1c15-4a95-931a-4af90ecb574d","Soldanella minima subsp. minima",7900159,"ACCEPTED","SUBSPECIES",2019,"native",509.837554931641,0,0.492443978786469,15.6938199996948,160.46484375,7866.67333984375,4469.87158203125,-27.078800201416,54.7960014343262,0.492799997329712,11.1239805221558,10.9463081359863,3035.9853515625,83.4272155761719,83.8768081665039,-103.808403015137,11.81078,46.487427
"Soldanella minima","Soldanella minima subsp. minima",7900159,"HUMAN_OBSERVATION",3,"Italy","IT","50c9509d-22c7-4a22-a47d-8c48425ef4a7",NA,NA,NA,"iNaturalist","PRESENT","28eb1a3f-1c15-4a95-931a-4af90ecb574d","Soldanella minima subsp. minima",7900159,"ACCEPTED","SUBSPECIES",2019,"native",489.465270996094,0,0.527480006217957,15.5458402633667,170.850646972656,7029.69677734375,3962.12817382812,-33.092399597168,48.6612014770508,0.526400029659271,11.0423240661621,10.4169960021973,2926.17749023438,79.1145629882812,80.7214431762695,-121.591201782227,11.756577,46.512363
"Soldanella minima","Soldanella minima subsp. minima",7900159,"HUMAN_OBSERVATION",3,"Italy","IT","50c9509d-22c7-4a22-a47d-8c48425ef4a7",NA,NA,NA,"iNaturalist","PRESENT","28eb1a3f-1c15-4a95-931a-4af90ecb574d","Soldanella minima subsp. minima",7900159,"ACCEPTED","SUBSPECIES",2019,"native",509.837554931641,0,0.492443978786469,15.6938199996948,160.46484375,7866.67333984375,4469.87158203125,-27.078800201416,54.7960014343262,0.492799997329712,11.1239805221558,10.9463081359863,3035.9853515625,83.4272155761719,83.8768081665039,-103.808403015137,11.81245,46.487668
"Soldanella minima","Soldanella minima subsp. minima",7900159,"HUMAN_OBSERVATION",3,"Italy","IT","50c9509d-22c7-4a22-a47d-8c48425ef4a7",NA,NA,NA,"iNaturalist","PRESENT","28eb1a3f-1c15-4a95-931a-4af90ecb574d","Soldanella minima subsp. minima",7900159,"ACCEPTED","SUBSPECIES",2019,"native",509.837554931641,0,0.492443978786469,15.6938199996948,160.46484375,7866.67333984375,4469.87158203125,-27.078800201416,54.7960014343262,0.492799997329712,11.1239805221558,10.9463081359863,3035.9853515625,83.4272155761719,83.8768081665039,-103.808403015137,11.81019,46.489843
"Soldanella minima","Soldanella minima subsp. minima",7900159,"HUMAN_OBSERVATION",31,"Austria","AT","50c9509d-22c7-4a22-a47d-8c48425ef4a7",NA,NA,NA,"iNaturalist","PRESENT","28eb1a3f-1c15-4a95-931a-4af90ecb574d","Soldanella minima subsp. minima",7900159,"ACCEPTED","SUBSPECIES",2019,"native",613.619018554688,0.129611998796463,0.458204001188278,17.8530197143555,152.055374145508,11514.2021484375,7807.89404296875,-22.2464008331299,64.8583984375,2.09559988975525,12.3180837631226,19.6335601806641,3670.44482421875,100.007934570312,100.007934570312,-93.293701171875,12.880727,46.613943
"Soldanella minima","Soldanella minima Hoppe",8109831,"HUMAN_OBSERVATION",8,"Italy","IT","50c9509d-22c7-4a22-a47d-8c48425ef4a7",NA,NA,NA,"iNaturalist","PRESENT","28eb1a3f-1c15-4a95-931a-4af90ecb574d","Soldanella minima Hoppe",8109831,"ACCEPTED","SPECIES",2019,"native",537.796752929688,0.020736001431942,0.465952008962631,16.3043594360352,152.749145507812,8455.5849609375,4980.2783203125,-26.3756008148193,56.4115982055664,0.676400005817413,11.2729120254517,11.2729120254517,3204.9169921875,87.8669967651367,88.1064453125,-104.377700805664,11.986703,46.532182
"Soldanella minima","Soldanella minima Hoppe",8109831,"HUMAN_OBSERVATION",25,"Italy","IT","8a863029-f435-446a-821e-275f4f641165",NA,NA,1,NA,"PRESENT","c8d737e0-2ff8-42e8-b8fc-6b805d26fc5f","Soldanella minima Hoppe",8109831,"ACCEPTED","SPECIES",2019,"native",542.986572265625,0.152064010500908,0.449268013238907,16.3267002105713,150.025955200195,8895.1298828125,5317.861328125,-24.8491992950439,57.7756004333496,1.16359996795654,11.4878358840942,11.4025640487671,3231.06616210938,88.620246887207,88.8393707275391,-99.9962005615234,11.848849,46.522594
"Soldanella minima","Soldanella minima subsp. minima",7900159,"HUMAN_OBSERVATION",3553,"Italy","IT","50c9509d-22c7-4a22-a47d-8c48425ef4a7",NA,NA,NA,"iNaturalist","PRESENT","28eb1a3f-1c15-4a95-931a-4af90ecb574d","Soldanella minima subsp. minima",7900159,"ACCEPTED","SUBSPECIES",2019,"native",561.530456542969,1.27283203601837,0.394268006086349,16.5030002593994,140.71501159668,10472.5068359375,6555.45703125,-20.3388004302979,63.3300018310547,1.88359999656677,11.8773040771484,11.8639116287231,3334.50415039062,91.6671752929688,91.6999282836914,-85.0703964233398,11.711141,46.522655
"Soldanella minima","Soldanella minima subsp. minima",7900159,"HUMAN_OBSERVATION",15,"Italy","IT","50c9509d-22c7-4a22-a47d-8c48425ef4a7",NA,NA,NA,"iNaturalist","PRESENT","28eb1a3f-1c15-4a95-931a-4af90ecb574d","Soldanella minima subsp. minima",7900159,"ACCEPTED","SUBSPECIES",2018,"native",503.613586425781,0,0.510676026344299,15.7713603973389,165.228408813477,7331.06689453125,3891.19677734375,-30.6208000183105,52.2192001342773,0.632000029087067,11.4191722869873,10.729944229126,3002.88623046875,81.1362838745117,82.8562927246094,-113.708801269531,11.873617,46.45582
"Soldanella minima","Soldanella minima subsp. minima",7900159,"HUMAN_OBSERVATION",1011,"Slovenia","SI","50c9509d-22c7-4a22-a47d-8c48425ef4a7",NA,NA,NA,"iNaturalist","PRESENT","28eb1a3f-1c15-4a95-931a-4af90ecb574d","Soldanella minima subsp. minima",7900159,"ACCEPTED","SUBSPECIES",2018,"native",682.095336914062,0,0.471192002296448,18.4414005279541,168.323760986328,17906.798828125,11377.8935546875,-7.26919984817505,86.1116027832031,3.7836000919342,13.9475555419922,22.6915149688721,4034.44116210938,110.222259521484,110.222259521484,-38.464900970459,13.565132,46.418811
"Soldanella minima","Soldanella minima subsp. minima",7900159,"HUMAN_OBSERVATION",31,"Slovenia","SI","50c9509d-22c7-4a22-a47d-8c48425ef4a7",NA,NA,NA,"iNaturalist","PRESENT","28eb1a3f-1c15-4a95-931a-4af90ecb574d","Soldanella minima subsp. minima",7900159,"ACCEPTED","SUBSPECIES",2017,"native",641.175415039062,0.0377640016376972,0.502892017364502,18.4629611968994,173.892684936523,14367.0400390625,9233.373046875,-21.5792007446289,79.6136016845703,2.98639988899231,12.0242080688477,20.1426277160645,3920.5703125,105.499206542969,105.499206542969,-65.3119964599609,14.535592,46.369036
"Soldanella minima","Soldanella minima Hoppe",8109831,"HUMAN_OBSERVATION",250,"Austria","AT","6ac3f774-d9fb-4796-b3e9-92bf6c81c084",NA,NA,NA,"NABU|naturgucker","PRESENT","bb646dff-a905-4403-a49b-6d378c2cf0d9","Soldanella minima Hoppe",8109831,"ACCEPTED","SPECIES",2017,"native",627.794494628906,0,0.392940014600754,17.5106792449951,144.061325073242,15290.8662109375,10369.40625,-9.52320003509521,81.0255966186523,3.46440005302429,12.642804145813,12.642804145813,3705.02124023438,100.566261291504,100.566261291504,-49.5043983459473,11.281414,47.395443
"Soldanella minima","Soldanella minima subsp. minima",7900159,"HUMAN_OBSERVATION",43,"Slovenia","SI","50c9509d-22c7-4a22-a47d-8c48425ef4a7",NA,NA,NA,"iNaturalist","PRESENT","28eb1a3f-1c15-4a95-931a-4af90ecb574d","Soldanella minima subsp. minima",7900159,"ACCEPTED","SUBSPECIES",2016,"native",719.929016113281,3.72640800476074,0.426355987787247,19.4177398681641,160.204544067383,20365.4609375,14370.46875,-8.41079998016357,98.234001159668,4.28000020980835,13.5665483474731,23.1550273895264,4358.767578125,117.245887756348,113.215690612793,-16.6205005645752,14.522944,46.296286
"Soldanella minima","Soldanella minima Hoppe",8109831,"HUMAN_OBSERVATION",1000,"Slovenia","SI","8a863029-f435-446a-821e-275f4f641165",NA,NA,1,NA,"PRESENT","c8d737e0-2ff8-42e8-b8fc-6b805d26fc5f","Soldanella minima Hoppe",8109831,"ACCEPTED","SPECIES",2016,"native",719.929016113281,3.72640800476074,0.426355987787247,19.4177398681641,160.204544067383,20365.4609375,14370.46875,-8.41079998016357,98.234001159668,4.28000020980835,13.5665483474731,23.1550273895264,4358.767578125,117.245887756348,113.215690612793,-16.6205005645752,14.526247,46.297174
"Soldanella minima","Soldanella minima subsp. minima",7900159,"HUMAN_OBSERVATION",977,"Slovenia","SI","50c9509d-22c7-4a22-a47d-8c48425ef4a7",NA,NA,NA,"iNaturalist","PRESENT","28eb1a3f-1c15-4a95-931a-4af90ecb574d","Soldanella minima subsp. minima",7900159,"ACCEPTED","SUBSPECIES",2015,"native",641.175415039062,0.0377640016376972,0.502892017364502,18.4629611968994,173.892684936523,14367.0400390625,9233.373046875,-21.5792007446289,79.6136016845703,2.98639988899231,12.0242080688477,20.1426277160645,3920.5703125,105.499206542969,105.499206542969,-65.3119964599609,14.572521,46.362373
"Soldanella minima","Soldanella minima subsp. minima",7900159,"HUMAN_OBSERVATION",3350,"Italy","IT","50c9509d-22c7-4a22-a47d-8c48425ef4a7",NA,NA,NA,"iNaturalist","PRESENT","28eb1a3f-1c15-4a95-931a-4af90ecb574d","Soldanella minima subsp. minima",7900159,"ACCEPTED","SUBSPECIES",2015,"native",646.237121582031,2.87806010246277,0.289900004863739,18.2496204376221,121.164672851562,13253.560546875,10167.9443359375,-15.9888000488281,71.0103988647461,2.71600008010864,13.0902318954468,14.9756078720093,3846.37963867188,104.891647338867,104.891647338867,-75.2483978271484,12.135652,46.540471
"Soldanella minima","Soldanella minima Hoppe",8109831,"HUMAN_OBSERVATION",250,"Austria","AT","6ac3f774-d9fb-4796-b3e9-92bf6c81c084",NA,NA,NA,"NABU|naturgucker","PRESENT","bb646dff-a905-4403-a49b-6d378c2cf0d9","Soldanella minima Hoppe",8109831,"ACCEPTED","SPECIES",2015,"native",521.894714355469,0,0.59307998418808,16.8425006866455,189.137817382812,7069.826171875,3791.12280273438,-42.3036003112793,42.1836013793945,0.54559999704361,9.86973190307617,15.6731042861938,3203.28173828125,86.492561340332,86.492561340332,-152.223403930664,12.838619,47.070122
"Soldanella minima","Soldanella minima subsp. minima",7900159,"HUMAN_OBSERVATION",126,"Italy","IT","50c9509d-22c7-4a22-a47d-8c48425ef4a7",NA,NA,NA,"iNaturalist","PRESENT","28eb1a3f-1c15-4a95-931a-4af90ecb574d","Soldanella minima subsp. minima",7900159,"ACCEPTED","SUBSPECIES",2013,"native",561.530456542969,1.27283203601837,0.394268006086349,16.5030002593994,140.71501159668,10472.5068359375,6555.45703125,-20.3388004302979,63.3300018310547,1.88359999656677,11.8773040771484,11.8639116287231,3334.50415039062,91.6671752929688,91.6999282836914,-85.0703964233398,11.729668,46.532474
"Soldanella minima","Soldanella minima subsp. minima",7900159,"HUMAN_OBSERVATION",8,"Slovenia","SI","50c9509d-22c7-4a22-a47d-8c48425ef4a7",NA,NA,NA,"iNaturalist","PRESENT","28eb1a3f-1c15-4a95-931a-4af90ecb574d","Soldanella minima subsp. minima",7900159,"ACCEPTED","SUBSPECIES",2009,"native",719.929016113281,3.72640800476074,0.426355987787247,19.4177398681641,160.204544067383,20365.4609375,14370.46875,-8.41079998016357,98.234001159668,4.28000020980835,13.5665483474731,23.1550273895264,4358.767578125,117.245887756348,113.215690612793,-16.6205005645752,14.537937,46.291292
"Soldanella minima","Soldanella minima subsp. minima",7900159,"HUMAN_OBSERVATION",8,"Slovenia","SI","50c9509d-22c7-4a22-a47d-8c48425ef4a7",NA,NA,NA,"iNaturalist","PRESENT","28eb1a3f-1c15-4a95-931a-4af90ecb574d","Soldanella minima subsp. minima",7900159,"ACCEPTED","SUBSPECIES",2009,"native",733.595581054688,3.55509209632874,0.408403992652893,19.7248210906982,156.414489746094,21159.2109375,15272.529296875,-7.68319988250732,101.095596313477,4.353600025177,13.7129077911377,23.5418796539307,4450.521484375,119.496192932129,119.30834197998,-10.7301998138428,14.646644,46.300715
"Soldanella minima","Soldanella minima subsp. minima",7900159,"HUMAN_OBSERVATION",55,"Italy","IT","50c9509d-22c7-4a22-a47d-8c48425ef4a7",NA,NA,NA,"iNaturalist","PRESENT","28eb1a3f-1c15-4a95-931a-4af90ecb574d","Soldanella minima subsp. minima",7900159,"ACCEPTED","SUBSPECIES",2006,"native",516.765747070312,0.692736029624939,0.461748003959656,15.7692003250122,154.147720336914,8583.962890625,4468.72119140625,-25.159200668335,57.5968017578125,1.1904000043869,11.8642206192017,11.1440277099609,3076.13208007812,83.2486801147461,85.0104370117188,-96.9570007324219,11.625085,46.486316
"Soldanella minima","Soldanella minima Hoppe",8109831,"HUMAN_OBSERVATION",260,"Italy","IT","50c9509d-22c7-4a22-a47d-8c48425ef4a7",NA,NA,NA,"iNaturalist","PRESENT","28eb1a3f-1c15-4a95-931a-4af90ecb574d","Soldanella minima Hoppe",8109831,"ACCEPTED","SPECIES",1998,"native",503.613586425781,0,0.510676026344299,15.7713603973389,165.228408813477,7331.06689453125,3891.19677734375,-30.6208000183105,52.2192001342773,0.632000029087067,11.4191722869873,10.729944229126,3002.88623046875,81.1362838745117,82.8562927246094,-113.708801269531,11.86411,46.456004
"Soldanella minima","Soldanella minima Hoppe",8109831,"MATERIAL_CITATION",1111,"Austria","AT","c7730a08-74b4-48cd-80a7-831a19ac660d",NA,NA,NA,"HNS","PRESENT","7a070ba0-bafb-11d9-8e53-b8a03c50a862","Soldanella minima Hoppe",8109831,"ACCEPTED","SPECIES",1993,"native",595.921081542969,0.314863979816437,0.473419994115829,17.7740001678467,157.155197143555,10882.4560546875,6825.9326171875,-29.0484008789062,56.4020004272461,1.64760005474091,11.4936323165894,18.3622398376465,3604.09838867188,97.4618453979492,97.4618453979492,-114.127601623535,12.610846,46.994682
"Soldanella minima","Soldanella minima Hoppe",8109831,"MATERIAL_CITATION",6000,"Austria","AT","c1492854-5d15-40e9-9ee7-24a18ac05112",NA,NA,NA,"HNS","PRESENT","7a070ba0-bafb-11d9-8e53-b8a03c50a862","Soldanella minima Hoppe",8109831,"ACCEPTED","SPECIES",1987,"native",550.278076171875,0,0.63044399023056,17.2693004608154,210.62141418457,7917.2392578125,4744.46240234375,-39.2295989990234,48.8468017578125,0.70279997587204,10.0070724487305,16.5854434967041,3409.70825195312,91.307502746582,91.307502746582,-137.990203857422,13.62502,47.275
"Soldanella minima","Soldanella minima Hoppe",8109831,"HUMAN_OBSERVATION",250,"Austria","AT","6ac3f774-d9fb-4796-b3e9-92bf6c81c084",NA,NA,NA,"NABU|naturgucker","PRESENT","bb646dff-a905-4403-a49b-6d378c2cf0d9","Soldanella minima Hoppe",8109831,"ACCEPTED","SPECIES",1982,"native",520.073364257812,0,0.538543999195099,15.7734203338623,185.669769287109,9690.07421875,6208.34765625,-21.8847999572754,62.6291999816895,1.22880005836487,11.3321800231934,17.2516479492188,3014.83862304688,80.8484420776367,83.503288269043,-88.9723968505859,10.062532,46.918262
"Soldanella minima","Soldanella minima subsp. minima",7900159,"HUMAN_OBSERVATION",977,"Italy","IT","50c9509d-22c7-4a22-a47d-8c48425ef4a7",NA,NA,NA,"iNaturalist","PRESENT","28eb1a3f-1c15-4a95-931a-4af90ecb574d","Soldanella minima subsp. minima",7900159,"ACCEPTED","SUBSPECIES",1974,"native",515.560974121094,0,0.516327977180481,16.127140045166,162.37629699707,7433.92138671875,3914.9208984375,-32.3604011535645,49.4448013305664,0.294400006532669,10.6527843475342,10.6527843475342,3091.75512695312,84.6149826049805,84.8544311523438,-122.678497314453,12.055749,46.657328
"Soldanella minima","Soldanella minima Hoppe",8109831,"OCCURRENCE",750,"Austria","AT","c1492854-5d15-40e9-9ee7-24a18ac05112",NA,NA,NA,"HNS","PRESENT","7a070ba0-bafb-11d9-8e53-b8a03c50a862","Soldanella minima Hoppe",8109831,"ACCEPTED","SPECIES",1951,"native",585.780700683594,0,0.574576020240784,17.6820392608643,188.457778930664,9655.94140625,6135.21826171875,-31.8959999084473,55.8188018798828,1.58280003070831,10.9190082550049,18.0673999786377,3587.29907226562,96.3965759277344,96.3965759277344,-119.307502746582,13.321111,47.166667
"Soldanella minima","Soldanella minima Hoppe",8109831,"HUMAN_OBSERVATION",3535,"Switzerland","CH","83fdfd3d-3a25-4705-9fbe-3db1d1892b13",NA,NA,NA,NA,"PRESENT","64ee55c9-570a-42af-b7da-3f13c6b4e5a9","Soldanella minima Hoppe",8109831,"ACCEPTED","SPECIES",1949,NA,418.812957763672,0,0.766556024551392,15.1778402328491,318.485168457031,6123.76904296875,2616.8759765625,-42.3243980407715,51.5312004089355,0.519200026988983,9.2871675491333,13.6911640167236,2427.55737304688,62.2441940307617,67.6670227050781,-136.504806518555,8.64705,46.65233
"Soldanella minima","Soldanella minima Hoppe",8109831,"MATERIAL_CITATION",6000,"Austria","AT","c1492854-5d15-40e9-9ee7-24a18ac05112",NA,NA,NA,"HNS","PRESENT","7a070ba0-bafb-11d9-8e53-b8a03c50a862","Soldanella minima Hoppe",8109831,"ACCEPTED","SPECIES",1944,"native",585.780700683594,0,0.574576020240784,17.6820392608643,188.457778930664,9655.94140625,6135.21826171875,-31.8959999084473,55.8188018798828,1.58280003070831,10.9190082550049,18.0673999786377,3587.29907226562,96.3965759277344,96.3965759277344,-119.307502746582,13.29168,47.175
"Soldanella minima","Soldanella minima Hoppe",8109831,"MATERIAL_CITATION",6000,"Austria","AT","c1492854-5d15-40e9-9ee7-24a18ac05112",NA,NA,NA,"HNS","PRESENT","7a070ba0-bafb-11d9-8e53-b8a03c50a862","Soldanella minima Hoppe",8109831,"ACCEPTED","SPECIES",1899,"native",612.505676269531,0,0.527347981929779,18.0131607055664,173.042434692383,11423.5185546875,7123.3740234375,-26.8787994384766,60.9724006652832,2.06559991836548,11.5345916748047,19.0942916870117,3726.26684570312,100.193176269531,100.193176269531,-105.439598083496,13.04168,47.225
"Soldanella minima","Soldanella minima Hoppe",8109831,"MATERIAL_CITATION",6000,"Austria","AT","c1492854-5d15-40e9-9ee7-24a18ac05112",NA,NA,NA,"HNS","PRESENT","7a070ba0-bafb-11d9-8e53-b8a03c50a862","Soldanella minima Hoppe",8109831,"ACCEPTED","SPECIES",1899,"native",486.163208007812,0,0.637799978256226,16.3412399291992,204.794830322266,5852.0234375,2357.72045898438,-49.1623992919922,34.3275985717773,0.260800004005432,9.06638431549072,14.3844242095947,3008.74047851562,81.1691970825195,81.1691970825195,-171.123001098633,13.04168,47.075
"Soldanella minima","Soldanella minima Hoppe",8109831,"MATERIAL_CITATION",6000,"Austria","AT","c1492854-5d15-40e9-9ee7-24a18ac05112",NA,NA,NA,"HNS","PRESENT","7a070ba0-bafb-11d9-8e53-b8a03c50a862","Soldanella minima Hoppe",8109831,"ACCEPTED","SPECIES",1899,"native",614.278381347656,0,0.560252010822296,18.0501804351807,188.059783935547,10886.9833984375,6777.14404296875,-27.2404003143311,63.4616012573242,2.10559988021851,11.4441118240356,19.1396884918213,3756.99829101562,100.866676330566,100.866676330566,-100.877304077148,13.62502,47.125
"Soldanella minima","Soldanella minima Hoppe",8109831,"HUMAN_OBSERVATION",3332,"Germany","DE","e6fab7b3-c733-40b9-8df3-2a03e49532c1",NA,NA,NA,"BfN","PRESENT","43cab2b0-0653-11d9-acb2-b8a03c50a862","Soldanella minima Hoppe",8109831,"ACCEPTED","SPECIES",NA,"native",645.197814941406,0.127259999513626,0.393119990825653,17.4492206573486,149.935974121094,18725.009765625,12069.2529296875,-0.765999972820282,92.4527969360352,3.72199988365173,13.1844844818115,16.659984588623,3768.5361328125,102.378150939941,102.378150939941,-19.2310009002686,11.041538,47.574912
"Soldanella minima","Soldanella minima Hoppe",8109831,"HUMAN_OBSERVATION",3334,"Germany","DE","e6fab7b3-c733-40b9-8df3-2a03e49532c1",NA,NA,NA,"BfN","PRESENT","43cab2b0-0653-11d9-acb2-b8a03c50a862","Soldanella minima Hoppe",8109831,"ACCEPTED","SPECIES",NA,"native",581.66064453125,0,0.589392006397247,17.6679210662842,195.421081542969,10043.2939453125,6164.287109375,-32.6584014892578,56.1328010559082,1.34920001029968,10.6232843399048,21.1991443634033,3573.05737304688,95.5396118164062,95.5396118164062,-119.537399291992,13.041602,47.574928
"Soldanella minima","Soldanella minima Hoppe",8109831,"HUMAN_OBSERVATION",3333,"Germany","DE","e6fab7b3-c733-40b9-8df3-2a03e49532c1",NA,NA,NA,"BfN","PRESENT","43cab2b0-0653-11d9-acb2-b8a03c50a862","Soldanella minima Hoppe",8109831,"ACCEPTED","SPECIES",NA,"native",645.197814941406,0.127259999513626,0.393119990825653,17.4492206573486,149.935974121094,18725.009765625,12069.2529296875,-0.765999972820282,92.4527969360352,3.72199988365173,13.1844844818115,16.659984588623,3768.5361328125,102.378150939941,102.378150939941,-19.2310009002686,11.041538,47.524902
"Soldanella minima","Soldanella minima Hoppe",8109831,"HUMAN_OBSERVATION",3331,"Germany","DE","e6fab7b3-c733-40b9-8df3-2a03e49532c1",NA,NA,NA,"BfN","PRESENT","43cab2b0-0653-11d9-acb2-b8a03c50a862","Soldanella minima Hoppe",8109831,"ACCEPTED","SPECIES",NA,"native",624.364868164062,0,0.424576014280319,17.1606998443604,155.096054077148,16924.400390625,10908.4521484375,-4.10319995880127,87.534797668457,3.48440003395081,12.8085165023804,17.1028327941895,3653.64477539062,99.3499755859375,99.3499755859375,-30.2607002258301,10.958202,47.574909
"Soldanella minima","Soldanella minima Hoppe",8109831,"HUMAN_OBSERVATION",3333,"Germany","DE","e6fab7b3-c733-40b9-8df3-2a03e49532c1",NA,NA,NA,"BfN","PRESENT","43cab2b0-0653-11d9-acb2-b8a03c50a862","Soldanella minima Hoppe",8109831,"ACCEPTED","SPECIES",NA,"native",598.548767089844,0,0.459284007549286,16.843620300293,161.131011962891,14223.7822265625,10346.375,-9.046799659729,80.5932006835938,2.92639994621277,12.2874755859375,16.6809272766113,3514.55688476562,95.7035064697266,95.7035064697266,-46.4448013305664,10.874866,47.524906
"Soldanella minima","Soldanella minima Hoppe",8109831,"HUMAN_OBSERVATION",3335,"Germany","DE","e6fab7b3-c733-40b9-8df3-2a03e49532c1",NA,NA,NA,"BfN","PRESENT","43cab2b0-0653-11d9-acb2-b8a03c50a862","Soldanella minima Hoppe",8109831,"ACCEPTED","SPECIES",NA,"native",618.065673828125,0,0.419696003198624,17.1194190979004,151.893707275391,16052.4736328125,10515.9111328125,-6.31360006332397,83.4375991821289,3.26920008659363,12.7136716842651,17.0516357421875,3618.32299804688,98.6340637207031,98.6340637207031,-39.9098014831543,10.874865,47.474906
"Soldanella minima","Soldanella minima Hoppe",8109831,"HUMAN_OBSERVATION",3331,"Germany","DE","e6fab7b3-c733-40b9-8df3-2a03e49532c1",NA,NA,NA,"BfN","PRESENT","43cab2b0-0653-11d9-acb2-b8a03c50a862","Soldanella minima Hoppe",8109831,"ACCEPTED","SPECIES",NA,"native",707.071533203125,0,0.420951992273331,18.9786205291748,153.969665527344,19206.28515625,13613.0205078125,-6.72800016403198,87.6895980834961,3.97199988365173,13.2494077682495,22.7689685821533,4257.869140625,113.852386474609,113.852386474609,-35.2924995422363,12.708252,47.674931
"Soldanella minima","Soldanella minima Hoppe",8109831,"HUMAN_OBSERVATION",3333,"Germany","DE","e6fab7b3-c733-40b9-8df3-2a03e49532c1",NA,NA,NA,"BfN","PRESENT","43cab2b0-0653-11d9-acb2-b8a03c50a862","Soldanella minima Hoppe",8109831,"ACCEPTED","SPECIES",NA,"native",624.364868164062,0,0.424576014280319,17.1606998443604,155.096054077148,16924.400390625,10908.4521484375,-4.10319995880127,87.534797668457,3.48440003395081,12.8085165023804,17.1028327941895,3653.64477539062,99.3499755859375,99.3499755859375,-30.2607002258301,10.958202,47.524906
"Soldanella minima","Soldanella minima Hoppe",8109831,"HUMAN_OBSERVATION",3331,"Germany","DE","e6fab7b3-c733-40b9-8df3-2a03e49532c1",NA,NA,NA,"BfN","PRESENT","43cab2b0-0653-11d9-acb2-b8a03c50a862","Soldanella minima Hoppe",8109831,"ACCEPTED","SPECIES",NA,"native",598.548767089844,0,0.459284007549286,16.843620300293,161.131011962891,14223.7822265625,10346.375,-9.046799659729,80.5932006835938,2.92639994621277,12.2874755859375,16.6809272766113,3514.55688476562,95.7035064697266,95.7035064697266,-46.4448013305664,10.874866,47.574906
